domainName,idKab,idParent,idPro,idWilayah,kodeKab,kodeKec,kodeKel,kodePro,namaKab,namaPro,namaWilayah,tingkatWilayah
acehselatankab,2,1,1,2,1101,110100,1101000000,11,ACEH SELATAN,ACEH,ACEH SELATAN,2
acehtenggarakab,269,1,1,269,1102,110200,1102000000,11,ACEH TENGGARA,ACEH,ACEH TENGGARA,2
acehtimurkab,671,1,1,671,1103,110300,1103000000,11,ACEH TIMUR,ACEH,ACEH TIMUR,2
acehtengahkab,1207,1,1,1207,1104,110400,1104000000,11,ACEH TENGAH,ACEH,ACEH TENGAH,2
acehbaratkab,1492,1,1,1492,1105,110500,1105000000,11,ACEH BARAT,ACEH,ACEH BARAT,2
acehbesarkab,1824,1,1,1824,1106,110600,1106000000,11,ACEH BESAR,ACEH,ACEH BESAR,2
pidiekab,2452,1,1,2452,1107,110700,1107000000,11,PIDIE,ACEH,PIDIE,2
acehutarakab,3205,1,1,3205,1108,110800,1108000000,11,ACEH UTARA,ACEH,ACEH UTARA,2
simeuluekab,4086,1,1,4086,1109,110900,1109000000,11,SIMEULUE,ACEH,SIMEULUE,2
acehsingkilkab,4233,1,1,4233,1110,111000,1110000000,11,ACEH SINGKIL,ACEH,ACEH SINGKIL,2
bireuenkab,4362,1,1,4362,1111,111100,1111000000,11,BIREUEN,ACEH,BIREUEN,2
acehbaratdayakab,4989,1,1,4989,1112,111200,1112000000,11,ACEH BARAT DAYA,ACEH,ACEH BARAT DAYA,2
gayolueskab,5138,1,1,5138,1113,111300,1113000000,11,GAYO LUES,ACEH,GAYO LUES,2
acehjayakab,5286,1,1,5286,1114,111400,1114000000,11,ACEH JAYA,ACEH,ACEH JAYA,2
naganrayakab,5463,1,1,5463,1115,111500,1115000000,11,NAGAN RAYA,ACEH,NAGAN RAYA,2
acehtamiangkab,5694,1,1,5694,1116,111600,1116000000,11,ACEH TAMIANG,ACEH,ACEH TAMIANG,2
benermeriahkab,5920,1,1,5920,1117,111700,1117000000,11,BENER MERIAH,ACEH,BENER MERIAH,2
pidiejayakab,6166,1,1,6166,1118,111800,1118000000,11,PIDIE JAYA,ACEH,PIDIE JAYA,2
bandaacehkota,6397,1,1,6397,1171,117100,1171000000,11,KOTA BANDA ACEH,ACEH,KOTA BANDA ACEH,2
sabangkota,6497,1,1,6497,1172,117200,1172000000,11,KOTA SABANG,ACEH,KOTA SABANG,2
lhokseumawekota,6518,1,1,6518,1173,117300,1173000000,11,KOTA LHOKSEUMAWE,ACEH,KOTA LHOKSEUMAWE,2
langsakota,6591,1,1,6591,1174,117400,1174000000,11,KOTA LANGSA,ACEH,KOTA LANGSA,2
subulussalamkota,6648,1,1,6648,1175,117500,1175000000,11,KOTA SUBULUSSALAM,ACEH,KOTA SUBULUSSALAM,2
labuanbatuselatankab,6729,6728,6728,6729,1222,122200,1222000000,12,LABUHANBATU SELATAN,SUMATERA UTARA,LABUHANBATU SELATAN,2
labuanbatuutarakab,6789,6728,6728,6789,1223,122300,1223000000,12,LABUHANBATU UTARA,SUMATERA UTARA,LABUHANBATU UTARA,2
niasutarakab,6888,6728,6728,6888,1224,122400,1224000000,12,NIAS UTARA,SUMATERA UTARA,NIAS UTARA,2
niasbaratkab,7013,6728,6728,7013,1225,122500,1225000000,12,NIAS BARAT,SUMATERA UTARA,NIAS BARAT,2
gunungsitolikota,7132,6728,6728,7132,1278,127800,1278000000,12,KOTA GUNUNGSITOLI,SUMATERA UTARA,KOTA GUNUNGSITOLI,2
tapanulitengahkab,7240,6728,6728,7240,1201,120100,1201000000,12,TAPANULI TENGAH,SUMATERA UTARA,TAPANULI TENGAH,2
tapanuliutarakab,7438,6728,6728,7438,1202,120200,1202000000,12,TAPANULI UTARA,SUMATERA UTARA,TAPANULI UTARA,2
tapanuliselatankab,7697,6728,6728,7697,1203,120300,1203000000,12,TAPANULI SELATAN,SUMATERA UTARA,TAPANULI SELATAN,2
niaskab,7960,6728,6728,7960,1204,120400,1204000000,12,NIAS,SUMATERA UTARA,NIAS,2
langkatkab,8094,6728,6728,8094,1205,120500,1205000000,12,LANGKAT,SUMATERA UTARA,LANGKAT,2
karokab,8408,6728,6728,8408,1206,120600,1206000000,12,KARO,SUMATERA UTARA,KARO,2
deliserdangkab,8688,6728,6728,8688,1207,120700,1207000000,12,DELI SERDANG,SUMATERA UTARA,DELI SERDANG,2
simalungunkab,9114,6728,6728,9114,1208,120800,1208000000,12,SIMALUNGUN,SUMATERA UTARA,SIMALUNGUN,2
asahankab,9497,6728,6728,9497,1209,120900,1209000000,12,ASAHAN,SUMATERA UTARA,ASAHAN,2
labuhanbatukab,9727,6728,6728,9727,1210,121000,1210000000,12,LABUHANBATU,SUMATERA UTARA,LABUHANBATU,2
dairikab,9835,6728,6728,9835,1211,121100,1211000000,12,DAIRI,SUMATERA UTARA,DAIRI,2
tobasamosirkab,10020,6728,6728,10020,1212,121200,1212000000,12,TOBA SAMOSIR,SUMATERA UTARA,TOBA SAMOSIR,2
mandailingnatalkab,10227,6728,6728,10227,1213,121300,1213000000,12,MANDAILING NATAL,SUMATERA UTARA,MANDAILING NATAL,2
niasselatankab,10646,6728,6728,10646,1214,121400,1214000000,12,NIAS SELATAN,SUMATERA UTARA,NIAS SELATAN,2
pakpakbharatkab,11022,6728,6728,11022,1215,121500,1215000000,12,PAKPAK BHARAT,SUMATERA UTARA,PAKPAK BHARAT,2
humbanghasundutankab,11083,6728,6728,11083,1216,121600,1216000000,12,HUMBANG HASUNDUTAN,SUMATERA UTARA,HUMBANG HASUNDUTAN,2
samosirkab,11247,6728,6728,11247,1217,121700,1217000000,12,SAMOSIR,SUMATERA UTARA,SAMOSIR,2
serdangbedagaikab,11374,6728,6728,11374,1218,121800,1218000000,12,SERDANG BEDAGAI,SUMATERA UTARA,SERDANG BEDAGAI,2
batubarakab,11635,6728,6728,11635,1219,121900,1219000000,12,BATU BARA,SUMATERA UTARA,BATU BARA,2
medankota,11743,6728,6728,11743,1271,127100,1271000000,12,KOTA MEDAN,SUMATERA UTARA,KOTA MEDAN,2
pematangsiantarkota,11916,6728,6728,11916,1272,127200,1272000000,12,KOTA PEMATANGSIANTAR,SUMATERA UTARA,KOTA PEMATANGSIANTAR,2
sibolgakota,11978,6728,6728,11978,1273,127300,1273000000,12,KOTA SIBOLGA,SUMATERA UTARA,KOTA SIBOLGA,2
tanjungbalaikota,12000,6728,6728,12000,1274,127400,1274000000,12,KOTA TANJUNG BALAI,SUMATERA UTARA,KOTA TANJUNG BALAI,2
binjaikota,12038,6728,6728,12038,1275,127500,1275000000,12,KOTA BINJAI,SUMATERA UTARA,KOTA BINJAI,2
tebingtinggikota,12081,6728,6728,12081,1276,127600,1276000000,12,KOTA TEBING TINGGI,SUMATERA UTARA,KOTA TEBING TINGGI,2
padangsidempuankota,12122,6728,6728,12122,1277,127700,1277000000,12,KOTA PADANG SIDIMPUAN,SUMATERA UTARA,KOTA PADANG SIDIMPUAN,2
padanglawasutarakab,12208,6728,6728,12208,1220,122000,1220000000,12,PADANG LAWAS UTARA,SUMATERA UTARA,PADANG LAWAS UTARA,2
padanglawaskab,12606,6728,6728,12606,1221,122100,1221000000,12,PADANG LAWAS,SUMATERA UTARA,PADANG LAWAS,2
pasamankab,13509,12920,12920,13509,1308,130800,1308000000,13,PASAMAN,SUMATERA BARAT,PASAMAN,2
pesisirselatankab,12921,12920,12920,12921,1301,130100,1301000000,13,PESISIR SELATAN,SUMATERA BARAT,PESISIR SELATAN,2
solokkab,13010,12920,12920,13010,1302,130200,1302000000,13,SOLOK,SUMATERA BARAT,SOLOK,2
sijunjungkab,13099,12920,12920,13099,1303,130300,1303000000,13,SIJUNJUNG,SUMATERA BARAT,SIJUNJUNG,2
tanahdatarkab,13163,12920,12920,13163,1304,130400,1304000000,13,TANAH DATAR,SUMATERA BARAT,TANAH DATAR,2
padangpariamankab,13253,12920,12920,13253,1305,130500,1305000000,13,PADANG PARIAMAN,SUMATERA BARAT,PADANG PARIAMAN,2
agamkab,13317,12920,12920,13317,1306,130600,1306000000,13,AGAM,SUMATERA BARAT,AGAM,2
limapuluhkotakab,13416,12920,12920,13416,1307,130700,1307000000,13,LIMA PULUH KOTA,SUMATERA BARAT,LIMA PULUH KOTA,2
kepmentawaikab,13554,12920,12920,13554,1309,130900,1309000000,13,KEPULAUAN MENTAWAI,SUMATERA BARAT,KEPULAUAN MENTAWAI,2
dharmasrayakab,13608,12920,12920,13608,1310,131000,1310000000,13,DHARMASRAYA,SUMATERA BARAT,DHARMASRAYA,2
solokselatankab,13634,12920,12920,13634,1311,131100,1311000000,13,SOLOK SELATAN,SUMATERA BARAT,SOLOK SELATAN,2
pasamanbaratkab,13681,12920,12920,13681,1312,131200,1312000000,13,PASAMAN BARAT,SUMATERA BARAT,PASAMAN BARAT,2
padangkota,13712,12920,12920,13712,1371,137100,1371000000,13,KOTA PADANG,SUMATERA BARAT,KOTA PADANG,2
solokkota,13828,12920,12920,13828,1372,137200,1372000000,13,KOTA SOLOK,SUMATERA BARAT,KOTA SOLOK,2
sawahluntokota,13844,12920,12920,13844,1373,137300,1373000000,13,KOTA SAWAHLUNTO,SUMATERA BARAT,KOTA SAWAHLUNTO,2
padangpanjangkota,13886,12920,12920,13886,1374,137400,1374000000,13,KOTA PADANG PANJANG,SUMATERA BARAT,KOTA PADANG PANJANG,2
bukittinggikota,13905,12920,12920,13905,1375,137500,1375000000,13,KOTA BUKITTINGGI,SUMATERA BARAT,KOTA BUKITTINGGI,2
payakumbuhkota,13933,12920,12920,13933,1376,137600,1376000000,13,KOTA PAYAKUMBUH,SUMATERA BARAT,KOTA PAYAKUMBUH,2
pariamankota,14010,12920,12920,14010,1377,137700,1377000000,13,KOTA PARIAMAN,SUMATERA BARAT,KOTA PARIAMAN,2
merantikab,14087,14086,14086,14087,1410,141000,1410000000,14,KEPULAUAN MERANTI,RIAU,KEPULAUAN MERANTI,2
kamparkab,14166,14086,14086,14166,1401,140100,1401000000,14,KAMPAR,RIAU,KAMPAR,2
indragirihulukab,14414,14086,14086,14414,1402,140200,1402000000,14,INDRAGIRI HULU,RIAU,INDRAGIRI HULU,2
bengkaliskab,14630,14086,14086,14630,1403,140300,1403000000,14,BENGKALIS,RIAU,BENGKALIS,2
indragirihilirkab,14741,14086,14086,14741,1404,140400,1404000000,14,INDRAGIRI HILIR,RIAU,INDRAGIRI HILIR,2
pelalawankab,14955,14086,14086,14955,1405,140500,1405000000,14,PELALAWAN,RIAU,PELALAWAN,2
rokanhulukab,15087,14086,14086,15087,1406,140600,1406000000,14,ROKAN HULU,RIAU,ROKAN HULU,2
rokanhilirkab,15254,14086,14086,15254,1407,140700,1407000000,14,ROKAN HILIR,RIAU,ROKAN HILIR,2
siakkab,15412,14086,14086,15412,1408,140800,1408000000,14,SIAK,RIAU,SIAK,2
kuantansingingikab,15553,14086,14086,15553,1409,140900,1409000000,14,KUANTAN SINGINGI,RIAU,KUANTAN SINGINGI,2
pekanbarukota,15775,14086,14086,15775,1471,147100,1471000000,14,KOTA PEKANBARU,RIAU,KOTA PEKANBARU,2
dumaikota,15846,14086,14086,15846,1472,147200,1472000000,14,KOTA DUMAI,RIAU,KOTA DUMAI,2
sungaipenuhkota,15886,15885,15885,15886,1572,157200,1572000000,15,KOTA SUNGAI PENUH,JAMBI,KOTA SUNGAI PENUH,2
kerincikab,15961,15885,15885,15961,1501,150100,1501000000,15,KERINCI,JAMBI,KERINCI,2
meranginkab,16183,15885,15885,16183,1502,150200,1502000000,15,MERANGIN,JAMBI,MERANGIN,2
sarolangunkab,16420,15885,15885,16420,1503,150300,1503000000,15,SAROLANGUN,JAMBI,SAROLANGUN,2
batangharikab,16576,15885,15885,16576,1504,150400,1504000000,15,BATANGHARI,JAMBI,BATANGHARI,2
muarojambikab,16699,15885,15885,16699,1505,150500,1505000000,15,MUARO JAMBI,JAMBI,MUARO JAMBI,2
tanjabbarkab,16862,15885,15885,16862,1506,150600,1506000000,15,TANJUNG JABUNG BARAT,JAMBI,TANJUNG JABUNG BARAT,2
tanjabtimkab,16946,15885,15885,16946,1507,150700,1507000000,15,TANJUNG JABUNG TIMUR,JAMBI,TANJUNG JABUNG TIMUR,2
bungokab,17051,15885,15885,17051,1508,150800,1508000000,15,BUNGO,JAMBI,BUNGO,2
tebokab,17215,15885,15885,17215,1509,150900,1509000000,15,TEBO,JAMBI,TEBO,2
jambikota,17333,15885,15885,17333,1571,157100,1571000000,15,KOTA JAMBI,JAMBI,KOTA JAMBI,2
okukab,17405,17404,17404,17405,1601,160100,1601000000,16,OGAN KOMERING ULU,SUMATERA SELATAN,OGAN KOMERING ULU,2
okikab,17570,17404,17404,17570,1602,160200,1602000000,16,OGAN KOMERING ILIR,SUMATERA SELATAN,OGAN KOMERING ILIR,2
muaraenimkab,17895,17404,17404,17895,1603,160300,1603000000,16,MUARA ENIM,SUMATERA SELATAN,MUARA ENIM,2
lahatkab,18244,17404,17404,18244,1604,160400,1604000000,16,LAHAT,SUMATERA SELATAN,LAHAT,2
murakab,18643,17404,17404,18643,1605,160500,1605000000,16,MUSI RAWAS,SUMATERA SELATAN,MUSI RAWAS,2
mubakab,18942,17404,17404,18942,1606,160600,1606000000,16,MUSI BANYUASIN,SUMATERA SELATAN,MUSI BANYUASIN,2
banyuasinkab,19172,17404,17404,19172,1607,160700,1607000000,16,BANYUASIN,SUMATERA SELATAN,BANYUASIN,2
okutimurkab,19492,17404,17404,19492,1608,160800,1608000000,16,OGAN KOMERING ULU TIMUR,SUMATERA SELATAN,OGAN KOMERING ULU TIMUR,2
okuselatankab,19808,17404,17404,19808,1609,160900,1609000000,16,OGAN KOMERING ULU SELATAN,SUMATERA SELATAN,OGAN KOMERING ULU SELATAN,2
oganilirkab,20087,17404,17404,20087,1610,161000,1610000000,16,OGAN ILIR,SUMATERA SELATAN,OGAN ILIR,2
empatlawangkab,20345,17404,17404,20345,1611,161100,1611000000,16,EMPAT LAWANG,SUMATERA SELATAN,EMPAT LAWANG,2
palembangkota,20512,17404,17404,20512,1671,167100,1671000000,16,KOTA PALEMBANG,SUMATERA SELATAN,KOTA PALEMBANG,2
pagaralamkota,20636,17404,17404,20636,1672,167200,1672000000,16,KOTA PAGAR ALAM,SUMATERA SELATAN,KOTA PAGAR ALAM,2
lubuklinggaukota,20677,17404,17404,20677,1673,167300,1673000000,16,KOTA LUBUKLINGGAU,SUMATERA SELATAN,KOTA LUBUKLINGGAU,2
prabumulihkota,20758,17404,17404,20758,1674,167400,1674000000,16,KOTA PRABUMULIH,SUMATERA SELATAN,KOTA PRABUMULIH,2
palikab,928069,17404,17404,928069,1612,161200,1612000000,16,PENUKAL ABAB LEMATANG ILIR,SUMATERA SELATAN,PENUKAL ABAB LEMATANG ILIR,2
muratarakab,928070,17404,17404,928070,1613,161300,1613000000,16,MUSI RAWAS UTARA,SUMATERA SELATAN,MUSI RAWAS UTARA,2
lebongkab,22052,20802,20802,22052,1707,170700,1707000000,17,LEBONG,BENGKULU,LEBONG,2
kaurkab,21492,20802,20802,21492,1704,170400,1704000000,17,KAUR,BENGKULU,KAUR,2
bengkulutengahkab,20803,20802,20802,20803,1709,170900,1709000000,17,BENGKULU TENGAH,BENGKULU,BENGKULU TENGAH,2
bengkuluselatankab,20923,20802,20802,20923,1701,170100,1701000000,17,BENGKULU SELATAN,BENGKULU,BENGKULU SELATAN,2
rejanglebongkab,21093,20802,20802,21093,1702,170200,1702000000,17,REJANG LEBONG,BENGKULU,REJANG LEBONG,2
bengkuluutarakab,21265,20802,20802,21265,1703,170300,1703000000,17,BENGKULU UTARA,BENGKULU,BENGKULU UTARA,2
selumakab,21702,20802,20802,21702,1705,170500,1705000000,17,SELUMA,BENGKULU,SELUMA,2
mukomukokab,21885,20802,20802,21885,1706,170600,1706000000,17,MUKOMUKO,BENGKULU,MUKOMUKO,2
kepahiangkab,22135,20802,20802,22135,1708,170800,1708000000,17,KEPAHIANG,BENGKULU,KEPAHIANG,2
bengkulukota,22252,20802,20802,22252,1771,177100,1771000000,17,KOTA BENGKULU,BENGKULU,KOTA BENGKULU,2
pringsewukab,22329,22328,22328,22329,1810,181000,1810000000,18,PRINGSEWU,LAMPUNG,PRINGSEWU,2
mesujikab,22439,22328,22328,22439,1811,181100,1811000000,18,MESUJI,LAMPUNG,MESUJI,2
tulangbawangbaratkab,22522,22328,22328,22522,1812,181200,1812000000,18,TULANG BAWANG BARAT,LAMPUNG,TULANG BAWANG BARAT,2
lampungselatankab,22605,22328,22328,22605,1801,180100,1801000000,18,LAMPUNG SELATAN,LAMPUNG,LAMPUNG SELATAN,2
lampungtengahkab,22875,22328,22328,22875,1802,180200,1802000000,18,LAMPUNG TENGAH,LAMPUNG,LAMPUNG TENGAH,2
lampungutarakab,23189,22328,22328,23189,1803,180300,1803000000,18,LAMPUNG UTARA,LAMPUNG,LAMPUNG UTARA,2
lampungbaratkab,23460,22328,22328,23460,1804,180400,1804000000,18,LAMPUNG BARAT,LAMPUNG,LAMPUNG BARAT,2
tulangbawangkab,23737,22328,22328,23737,1805,180500,1805000000,18,TULANG BAWANG,LAMPUNG,TULANG BAWANG,2
tanggamuskab,23903,22328,22328,23903,1806,180600,1806000000,18,TANGGAMUS,LAMPUNG,TANGGAMUS,2
lampungtimurkab,24202,22328,22328,24202,1807,180700,1807000000,18,LAMPUNG TIMUR,LAMPUNG,LAMPUNG TIMUR,2
waykanankab,24484,22328,22328,24484,1808,180800,1808000000,18,WAY KANAN,LAMPUNG,WAY KANAN,2
bandarlampungkota,24709,22328,22328,24709,1871,187100,1871000000,18,KOTA BANDAR LAMPUNG,LAMPUNG,KOTA BANDAR LAMPUNG,2
metrokota,24822,22328,22328,24822,1872,187200,1872000000,18,KOTA METRO,LAMPUNG,KOTA METRO,2
pesawarankab,24850,22328,22328,24850,1809,180900,1809000000,18,PESAWARAN,LAMPUNG,PESAWARAN,2
pesisirbaratkab,928071,22328,22328,928071,1813,181300,1813000000,18,PESISIR BARAT,LAMPUNG,PESISIR BARAT,2
tanjungpinangkota,25406,25405,25405,25406,2172,217200,2172000000,21,KOTA TANJUNGPINANG,KEPULAUAN RIAU,KOTA TANJUNGPINANG,2
kepanambaskab,25429,25405,25405,25429,2105,210500,2105000000,21,KEPULAUAN ANAMBAS,KEPULAUAN RIAU,KEPULAUAN ANAMBAS,2
bintankab,25471,25405,25405,25471,2101,210100,2101000000,21,BINTAN,KEPULAUAN RIAU,BINTAN,2
karimunkab,25533,25405,25405,25533,2102,210200,2102000000,21,KARIMUN,KEPULAUAN RIAU,KARIMUN,2
natunakab,25597,25405,25405,25597,2103,210300,2103000000,21,NATUNA,KEPULAUAN RIAU,NATUNA,2
linggakab,25683,25405,25405,25683,2104,210400,2104000000,21,LINGGA,KEPULAUAN RIAU,LINGGA,2
batamkota,25746,25405,25405,25746,2171,217100,2171000000,21,KOTA BATAM,KEPULAUAN RIAU,KOTA BATAM,2
bogorkab,26142,26141,26141,26142,3201,320100,3201000000,32,BOGOR,JAWA BARAT,BOGOR,2
sukabumikab,26611,26141,26141,26611,3202,320200,3202000000,32,SUKABUMI,JAWA BARAT,SUKABUMI,2
cianjurkab,27026,26141,26141,27026,3203,320300,3203000000,32,CIANJUR,JAWA BARAT,CIANJUR,2
bandungkab,27407,26141,26141,27407,3204,320400,3204000000,32,BANDUNG,JAWA BARAT,BANDUNG,2
garutkab,27714,26141,26141,27714,3205,320500,3205000000,32,GARUT,JAWA BARAT,GARUT,2
tasikmalayakab,28182,26141,26141,28182,3206,320600,3206000000,32,TASIKMALAYA,JAWA BARAT,TASIKMALAYA,2
ciamiskab,28573,26141,26141,28573,3207,320700,3207000000,32,CIAMIS,JAWA BARAT,CIAMIS,2
kuningankab,28960,26141,26141,28960,3208,320800,3208000000,32,KUNINGAN,JAWA BARAT,KUNINGAN,2
cirebonkab,29369,26141,26141,29369,3209,320900,3209000000,32,CIREBON,JAWA BARAT,CIREBON,2
majalengkakab,29834,26141,26141,29834,3210,321000,3210000000,32,MAJALENGKA,JAWA BARAT,MAJALENGKA,2
sumedangkab,30197,26141,26141,30197,3211,321100,3211000000,32,SUMEDANG,JAWA BARAT,SUMEDANG,2
indramayukab,30503,26141,26141,30503,3212,321200,3212000000,32,INDRAMAYU,JAWA BARAT,INDRAMAYU,2
subangkab,30851,26141,26141,30851,3213,321300,3213000000,32,SUBANG,JAWA BARAT,SUBANG,2
purwakartakab,31135,26141,26141,31135,3214,321400,3214000000,32,PURWAKARTA,JAWA BARAT,PURWAKARTA,2
karawangkab,31345,26141,26141,31345,3215,321500,3215000000,32,KARAWANG,JAWA BARAT,KARAWANG,2
bekasikab,31685,26141,26141,31685,3216,321600,3216000000,32,BEKASI,JAWA BARAT,BEKASI,2
bandungbaratkab,31896,26141,26141,31896,3217,321700,3217000000,32,BANDUNG BARAT,JAWA BARAT,BANDUNG BARAT,2
bogorkota,32077,26141,26141,32077,3271,327100,3271000000,32,KOTA BOGOR,JAWA BARAT,KOTA BOGOR,2
sukabumikota,32152,26141,26141,32152,3272,327200,3272000000,32,KOTA SUKABUMI,JAWA BARAT,KOTA SUKABUMI,2
bandungkota,32193,26141,26141,32193,3273,327300,3273000000,32,KOTA BANDUNG,JAWA BARAT,KOTA BANDUNG,2
cirebonkota,32375,26141,26141,32375,3274,327400,3274000000,32,KOTA CIREBON,JAWA BARAT,KOTA CIREBON,2
bekasikota,32403,26141,26141,32403,3275,327500,3275000000,32,KOTA BEKASI,JAWA BARAT,KOTA BEKASI,2
depokkota,32472,26141,26141,32472,3276,327600,3276000000,32,KOTA DEPOK,JAWA BARAT,KOTA DEPOK,2
cimahikota,32547,26141,26141,32547,3277,327700,3277000000,32,KOTA CIMAHI,JAWA BARAT,KOTA CIMAHI,2
tasikmalayakota,32566,26141,26141,32566,3278,327800,3278000000,32,KOTA TASIKMALAYA,JAWA BARAT,KOTA TASIKMALAYA,2
banjarkota,32646,26141,26141,32646,3279,327900,3279000000,32,KOTA BANJAR,JAWA BARAT,KOTA BANJAR,2
pangandarankab,927964,26141,26141,927964,3218,321800,3218000000,32,PANGANDARAN,JAWA BARAT,PANGANDARAN,2
bangkakab,24994,24993,24993,24994,1901,190100,1901000000,19,BANGKA,KEPULAUAN BANGKA BELITUNG,BANGKA,2
belitungkab,25072,24993,24993,25072,1902,190200,1902000000,19,BELITUNG,KEPULAUAN BANGKA BELITUNG,BELITUNG,2
bangkaselatankab,25120,24993,24993,25120,1903,190300,1903000000,19,BANGKA SELATAN,KEPULAUAN BANGKA BELITUNG,BANGKA SELATAN,2
bangkatengahkab,25181,24993,24993,25181,1904,190400,1904000000,19,BANGKA TENGAH,KEPULAUAN BANGKA BELITUNG,BANGKA TENGAH,2
bangkabaratkab,25245,24993,24993,25245,1905,190500,1905000000,19,BANGKA BARAT,KEPULAUAN BANGKA BELITUNG,BANGKA BARAT,2
belitungtimurkab,25316,24993,24993,25316,1906,190600,1906000000,19,BELITUNG TIMUR,KEPULAUAN BANGKA BELITUNG,BELITUNG TIMUR,2
pangkalpinangkota,25363,24993,24993,25363,1971,197100,1971000000,19,KOTA PANGKALPINANG,KEPULAUAN BANGKA BELITUNG,KOTA PANGKALPINANG,2
kepseribukab,25824,25823,25823,25824,3101,310100,3101000000,31,KEPULAUAN SERIBU,DKI JAKARTA,KEPULAUAN SERIBU,2
jakpuskota,25833,25823,25823,25833,3171,317100,3171000000,31,JAKARTA PUSAT,DKI JAKARTA,JAKARTA PUSAT,2
jakutkota,25886,25823,25823,25886,3172,317200,3172000000,31,JAKARTA UTARA,DKI JAKARTA,JAKARTA UTARA,2
jakbarkota,25924,25823,25823,25924,3173,317300,3173000000,31,JAKARTA BARAT,DKI JAKARTA,JAKARTA BARAT,2
jakselkota,25989,25823,25823,25989,3174,317400,3174000000,31,JAKARTA SELATAN,DKI JAKARTA,JAKARTA SELATAN,2
jaktimkota,26065,25823,25823,26065,3175,317500,3175000000,31,JAKARTA TIMUR,DKI JAKARTA,JAKARTA TIMUR,2
cilacapkab,32677,32676,32676,32677,3301,330100,3301000000,33,CILACAP,JAWA TENGAH,CILACAP,2
banyumaskab,32986,32676,32676,32986,3302,330200,3302000000,33,BANYUMAS,JAWA TENGAH,BANYUMAS,2
purbalinggakab,33345,32676,32676,33345,3303,330300,3303000000,33,PURBALINGGA,JAWA TENGAH,PURBALINGGA,2
banjarnegarakab,33603,32676,32676,33603,3304,330400,3304000000,33,BANJARNEGARA,JAWA TENGAH,BANJARNEGARA,2
kebumenkab,33902,32676,32676,33902,3305,330500,3305000000,33,KEBUMEN,JAWA TENGAH,KEBUMEN,2
purworejokab,34389,32676,32676,34389,3306,330600,3306000000,33,PURWOREJO,JAWA TENGAH,PURWOREJO,2
wonosobokab,34900,32676,32676,34900,3307,330700,3307000000,33,WONOSOBO,JAWA TENGAH,WONOSOBO,2
magelangkab,35181,32676,32676,35181,3308,330800,3308000000,33,MAGELANG,JAWA TENGAH,MAGELANG,2
boyolalikab,35575,32676,32676,35575,3309,330900,3309000000,33,BOYOLALI,JAWA TENGAH,BOYOLALI,2
klatenkab,35862,32676,32676,35862,3310,331000,3310000000,33,KLATEN,JAWA TENGAH,KLATEN,2
sukoharjokab,36290,32676,32676,36290,3311,331100,3311000000,33,SUKOHARJO,JAWA TENGAH,SUKOHARJO,2
wonogirikab,36470,32676,32676,36470,3312,331200,3312000000,33,WONOGIRI,JAWA TENGAH,WONOGIRI,2
karanganyarkab,36790,32676,32676,36790,3313,331300,3313000000,33,KARANGANYAR,JAWA TENGAH,KARANGANYAR,2
sragenkab,36985,32676,32676,36985,3314,331400,3314000000,33,SRAGEN,JAWA TENGAH,SRAGEN,2
grobogankab,37214,32676,32676,37214,3315,331500,3315000000,33,GROBOGAN,JAWA TENGAH,GROBOGAN,2
blorakab,37514,32676,32676,37514,3316,331600,3316000000,33,BLORA,JAWA TENGAH,BLORA,2
rembangkab,37826,32676,32676,37826,3317,331700,3317000000,33,REMBANG,JAWA TENGAH,REMBANG,2
patikab,38136,32676,32676,38136,3318,331800,3318000000,33,PATI,JAWA TENGAH,PATI,2
kuduskab,38564,32676,32676,38564,3319,331900,3319000000,33,KUDUS,JAWA TENGAH,KUDUS,2
jeparakab,38706,32676,32676,38706,3320,332000,3320000000,33,JEPARA,JAWA TENGAH,JEPARA,2
demakkab,38917,32676,32676,38917,3321,332100,3321000000,33,DEMAK,JAWA TENGAH,DEMAK,2
semarangkab,39181,32676,32676,39181,3322,332200,3322000000,33,SEMARANG,JAWA TENGAH,SEMARANG,2
temanggungkab,39436,32676,32676,39436,3323,332300,3323000000,33,TEMANGGUNG,JAWA TENGAH,TEMANGGUNG,2
kendalkab,39746,32676,32676,39746,3324,332400,3324000000,33,KENDAL,JAWA TENGAH,KENDAL,2
batangkab,40053,32676,32676,40053,3325,332500,3325000000,33,BATANG,JAWA TENGAH,BATANG,2
pekalongankab,40317,32676,32676,40317,3326,332600,3326000000,33,PEKALONGAN,JAWA TENGAH,PEKALONGAN,2
pemalangkab,40622,32676,32676,40622,3327,332700,3327000000,33,PEMALANG,JAWA TENGAH,PEMALANG,2
tegalkab,40859,32676,32676,40859,3328,332800,3328000000,33,TEGAL,JAWA TENGAH,TEGAL,2
brebeskab,41165,32676,32676,41165,3329,332900,3329000000,33,BREBES,JAWA TENGAH,BREBES,2
magelangkota,41480,32676,32676,41480,3371,337100,3371000000,33,KOTA MAGELANG,JAWA TENGAH,KOTA MAGELANG,2
surakartakota,41501,32676,32676,41501,3372,337200,3372000000,33,KOTA SURAKARTA,JAWA TENGAH,KOTA SURAKARTA,2
salatigakota,41558,32676,32676,41558,3373,337300,3373000000,33,KOTA SALATIGA,JAWA TENGAH,KOTA SALATIGA,2
semarangkota,41585,32676,32676,41585,3374,337400,3374000000,33,KOTA SEMARANG,JAWA TENGAH,KOTA SEMARANG,2
pekalongankota,41779,32676,32676,41779,3375,337500,3375000000,33,KOTA PEKALONGAN,JAWA TENGAH,KOTA PEKALONGAN,2
tegalkota,41831,32676,32676,41831,3376,337600,3376000000,33,KOTA TEGAL,JAWA TENGAH,KOTA TEGAL,2
kulonprogokab,41864,41863,41863,41864,3401,340100,3401000000,34,KULON PROGO,DAERAH ISTIMEWA YOGYAKARTA,KULON PROGO,2
bantulkab,41965,41863,41863,41965,3402,340200,3402000000,34,BANTUL,DAERAH ISTIMEWA YOGYAKARTA,BANTUL,2
gunungkidulkab,42058,41863,41863,42058,3403,340300,3403000000,34,GUNUNGKIDUL,DAERAH ISTIMEWA YOGYAKARTA,GUNUNGKIDUL,2
slemankab,42221,41863,41863,42221,3404,340400,3404000000,34,SLEMAN,DAERAH ISTIMEWA YOGYAKARTA,SLEMAN,2
yogyakartakota,42325,41863,41863,42325,3471,347100,3471000000,34,KOTA YOGYAKARTA,DAERAH ISTIMEWA YOGYAKARTA,KOTA YOGYAKARTA,2
blitarkota,51145,42385,42385,51145,3572,357200,3572000000,35,KOTA BLITAR,JAWA TIMUR,KOTA BLITAR,2
pacitankab,42386,42385,42385,42386,3501,350100,3501000000,35,PACITAN,JAWA TIMUR,PACITAN,2
ponorogokab,42570,42385,42385,42570,3502,350200,3502000000,35,PONOROGO,JAWA TIMUR,PONOROGO,2
trenggalekkab,42897,42385,42385,42897,3503,350300,3503000000,35,TRENGGALEK,JAWA TIMUR,TRENGGALEK,2
tulungagungkab,43069,42385,42385,43069,3504,350400,3504000000,35,TULUNGAGUNG,JAWA TIMUR,TULUNGAGUNG,2
blitarkab,43360,42385,42385,43360,3505,350500,3505000000,35,BLITAR,JAWA TIMUR,BLITAR,2
kedirikab,43630,42385,42385,43630,3506,350600,3506000000,35,KEDIRI,JAWA TIMUR,KEDIRI,2
malangkab,43993,42385,42385,43993,3507,350700,3507000000,35,MALANG,JAWA TIMUR,MALANG,2
lumajangkab,44417,42385,42385,44417,3508,350800,3508000000,35,LUMAJANG,JAWA TIMUR,LUMAJANG,2
jemberkab,44643,42385,42385,44643,3509,350900,3509000000,35,JEMBER,JAWA TIMUR,JEMBER,2
banyuwangikab,44923,42385,42385,44923,3510,351000,3510000000,35,BANYUWANGI,JAWA TIMUR,BANYUWANGI,2
bondowosokab,45165,42385,42385,45165,3511,351100,3511000000,35,BONDOWOSO,JAWA TIMUR,BONDOWOSO,2
situbondokab,45407,42385,42385,45407,3512,351200,3512000000,35,SITUBONDO,JAWA TIMUR,SITUBONDO,2
probolinggokab,45561,42385,42385,45561,3513,351300,3513000000,35,PROBOLINGGO,JAWA TIMUR,PROBOLINGGO,2
pasuruankab,45916,42385,42385,45916,3514,351400,3514000000,35,PASURUAN,JAWA TIMUR,PASURUAN,2
sidoarjokab,46306,42385,42385,46306,3515,351500,3515000000,35,SIDOARJO,JAWA TIMUR,SIDOARJO,2
mojokertokab,46678,42385,42385,46678,3516,351600,3516000000,35,MOJOKERTO,JAWA TIMUR,MOJOKERTO,2
jombangkab,47001,42385,42385,47001,3517,351700,3517000000,35,JOMBANG,JAWA TIMUR,JOMBANG,2
nganjukkab,47329,42385,42385,47329,3518,351800,3518000000,35,NGANJUK,JAWA TIMUR,NGANJUK,2
madiunkab,47634,42385,42385,47634,3519,351900,3519000000,35,MADIUN,JAWA TIMUR,MADIUN,2
magetankab,47856,42385,42385,47856,3520,352000,3520000000,35,MAGETAN,JAWA TIMUR,MAGETAN,2
ngawikab,48110,42385,42385,48110,3521,352100,3521000000,35,NGAWI,JAWA TIMUR,NGAWI,2
bojonegorokab,48347,42385,42385,48347,3522,352200,3522000000,35,BOJONEGORO,JAWA TIMUR,BOJONEGORO,2
tubankab,48805,42385,42385,48805,3523,352300,3523000000,35,TUBAN,JAWA TIMUR,TUBAN,2
lamongankab,49154,42385,42385,49154,3524,352400,3524000000,35,LAMONGAN,JAWA TIMUR,LAMONGAN,2
gresikkab,49656,42385,42385,49656,3525,352500,3525000000,35,GRESIK,JAWA TIMUR,GRESIK,2
bangkalankab,50031,42385,42385,50031,3526,352600,3526000000,35,BANGKALAN,JAWA TIMUR,BANGKALAN,2
sampangkab,50331,42385,42385,50331,3527,352700,3527000000,35,SAMPANG,JAWA TIMUR,SAMPANG,2
pamekasankab,50532,42385,42385,50532,3528,352800,3528000000,35,PAMEKASAN,JAWA TIMUR,PAMEKASAN,2
sumenepkab,50735,42385,42385,50735,3529,352900,3529000000,35,SUMENEP,JAWA TIMUR,SUMENEP,2
kedirikota,51095,42385,42385,51095,3571,357100,3571000000,35,KOTA KEDIRI,JAWA TIMUR,KOTA KEDIRI,2
malangkota,51170,42385,42385,51170,3573,357300,3573000000,35,KOTA MALANG,JAWA TIMUR,KOTA MALANG,2
probolinggokota,51233,42385,42385,51233,3574,357400,3574000000,35,KOTA PROBOLINGGO,JAWA TIMUR,KOTA PROBOLINGGO,2
pasuruankota,51268,42385,42385,51268,3575,357500,3575000000,35,KOTA PASURUAN,JAWA TIMUR,KOTA PASURUAN,2
mojokertokota,51306,42385,42385,51306,3576,357600,3576000000,35,KOTA MOJOKERTO,JAWA TIMUR,KOTA MOJOKERTO,2
madiunkota,51327,42385,42385,51327,3577,357700,3577000000,35,KOTA MADIUN,JAWA TIMUR,KOTA MADIUN,2
surabayakota,51358,42385,42385,51358,3578,357800,3578000000,35,KOTA SURABAYA,JAWA TIMUR,KOTA SURABAYA,2
batukota,51550,42385,42385,51550,3579,357900,3579000000,35,KOTA BATU,JAWA TIMUR,KOTA BATU,2
pandeglangkab,51579,51578,51578,51579,3601,360100,3601000000,36,PANDEGLANG,BANTEN,PANDEGLANG,2
lebakkab,51913,51578,51578,51913,3602,360200,3602000000,36,LEBAK,BANTEN,LEBAK,2
tangerangkab,52287,51578,51578,52287,3603,360300,3603000000,36,TANGERANG,BANTEN,TANGERANG,2
serangkab,52593,51578,51578,52593,3604,360400,3604000000,36,SERANG,BANTEN,SERANG,2
tangerangkota,52936,51578,51578,52936,3671,367100,3671000000,36,KOTA TANGERANG,BANTEN,KOTA TANGERANG,2
cilegonkota,53054,51578,51578,53054,3672,367200,3672000000,36,KOTA CILEGON,BANTEN,KOTA CILEGON,2
serangkota,53106,51578,51578,53106,3673,367300,3673000000,36,KOTA SERANG,BANTEN,KOTA SERANG,2
tangselkota,53179,51578,51578,53179,3674,367400,3674000000,36,KOTA TANGERANG SELATAN,BANTEN,KOTA TANGERANG SELATAN,2
jembranakab,53242,53241,53241,53242,5101,510100,5101000000,51,JEMBRANA,BALI,JEMBRANA,2
tabanankab,53299,53241,53241,53299,5102,510200,5102000000,51,TABANAN,BALI,TABANAN,2
badungkab,53439,53241,53241,53439,5103,510300,5103000000,51,BADUNG,BALI,BADUNG,2
gianyarkab,53508,53241,53241,53508,5104,510400,5104000000,51,GIANYAR,BALI,GIANYAR,2
klungkungkab,53586,53241,53241,53586,5105,510500,5105000000,51,KLUNGKUNG,BALI,KLUNGKUNG,2
banglikab,53650,53241,53241,53650,5106,510600,5106000000,51,BANGLI,BALI,BANGLI,2
karangasemkab,53727,53241,53241,53727,5107,510700,5107000000,51,KARANGASEM,BALI,KARANGASEM,2
bulelengkab,53814,53241,53241,53814,5108,510800,5108000000,51,BULELENG,BALI,BULELENG,2
denpasarkota,53972,53241,53241,53972,5171,517100,5171000000,51,KOTA DENPASAR,BALI,KOTA DENPASAR,2
lombokbaratkab,54021,54020,54020,54021,5201,520100,5201000000,52,LOMBOK BARAT,NUSA TENGGARA BARAT,LOMBOK BARAT,2
lomboktengahkab,54123,54020,54020,54123,5202,520200,5202000000,52,LOMBOK TENGAH,NUSA TENGGARA BARAT,LOMBOK TENGAH,2
lomboktimurkab,54260,54020,54020,54260,5203,520300,5203000000,52,LOMBOK TIMUR,NUSA TENGGARA BARAT,LOMBOK TIMUR,2
sumbawakab,54400,54020,54020,54400,5204,520400,5204000000,52,SUMBAWA,NUSA TENGGARA BARAT,SUMBAWA,2
dompukab,54590,54020,54020,54590,5205,520500,5205000000,52,DOMPU,NUSA TENGGARA BARAT,DOMPU,2
bimakab,54666,54020,54020,54666,5206,520600,5206000000,52,BIMA,NUSA TENGGARA BARAT,BIMA,2
sumbawabaratkab,54853,54020,54020,54853,5207,520700,5207000000,52,SUMBAWA BARAT,NUSA TENGGARA BARAT,SUMBAWA BARAT,2
mataramkota,54925,54020,54020,54925,5271,527100,5271000000,52,KOTA MATARAM,NUSA TENGGARA BARAT,KOTA MATARAM,2
bimakota,54982,54020,54020,54982,5272,527200,5272000000,52,KOTA BIMA,NUSA TENGGARA BARAT,KOTA BIMA,2
lombokutarakab,55026,54020,54020,55026,5208,520800,5208000000,52,LOMBOK UTARA,NUSA TENGGARA BARAT,LOMBOK UTARA,2
kupangkab,55066,55065,55065,55066,5301,530100,5301000000,53,KUPANG,NUSA TENGGARA TIMUR,KUPANG,2
ttskab,55347,55065,55065,55347,5302,530200,5302000000,53,TIMOR TENGAH SELATAN,NUSA TENGGARA TIMUR,TIMOR TENGAH SELATAN,2
ttukab,55620,55065,55065,55620,5303,530300,5303000000,53,TIMOR TENGAH UTARA,NUSA TENGGARA TIMUR,TIMOR TENGAH UTARA,2
belukab,55819,55065,55065,55819,5304,530400,5304000000,53,BELU,NUSA TENGGARA TIMUR,BELU,2
alorkab,56051,55065,55065,56051,5305,530500,5305000000,53,ALOR,NUSA TENGGARA TIMUR,ALOR,2
florestimurkab,56244,55065,55065,56244,5306,530600,5306000000,53,FLORES TIMUR,NUSA TENGGARA TIMUR,FLORES TIMUR,2
sikkakab,56489,55065,55065,56489,5307,530700,5307000000,53,SIKKA,NUSA TENGGARA TIMUR,SIKKA,2
endekab,56671,55065,55065,56671,5308,530800,5308000000,53,ENDE,NUSA TENGGARA TIMUR,ENDE,2
ngadakab,56904,55065,55065,56904,5309,530900,5309000000,53,NGADA,NUSA TENGGARA TIMUR,NGADA,2
manggaraikab,57008,55065,55065,57008,5310,531000,5310000000,53,MANGGARAI,NUSA TENGGARA TIMUR,MANGGARAI,2
sumbatimurkab,57167,55065,55065,57167,5311,531100,5311000000,53,SUMBA TIMUR,NUSA TENGGARA TIMUR,SUMBA TIMUR,2
sumbabaratkab,57346,55065,55065,57346,5312,531200,5312000000,53,SUMBA BARAT,NUSA TENGGARA TIMUR,SUMBA BARAT,2
lembatakab,57406,55065,55065,57406,5313,531300,5313000000,53,LEMBATA,NUSA TENGGARA TIMUR,LEMBATA,2
rotendaokab,57560,55065,55065,57560,5314,531400,5314000000,53,ROTE NDAO,NUSA TENGGARA TIMUR,ROTE NDAO,2
manggaraibaratkab,57649,55065,55065,57649,5315,531500,5315000000,53,MANGGARAI BARAT,NUSA TENGGARA TIMUR,MANGGARAI BARAT,2
nagekeokab,57778,55065,55065,57778,5316,531600,5316000000,53,NAGEKEO,NUSA TENGGARA TIMUR,NAGEKEO,2
sumbatengahkab,57886,55065,55065,57886,5317,531700,5317000000,53,SUMBA TENGAH,NUSA TENGGARA TIMUR,SUMBA TENGAH,2
sumbabaratdayakab,57935,55065,55065,57935,5318,531800,5318000000,53,SUMBA BARAT DAYA,NUSA TENGGARA TIMUR,SUMBA BARAT DAYA,2
kupangkota,58040,55065,55065,58040,5371,537100,5371000000,53,KOTA KUPANG,NUSA TENGGARA TIMUR,KOTA KUPANG,2
manggaraitimurkab,58098,55065,55065,58098,5319,531900,5319000000,53,MANGGARAI TIMUR,NUSA TENGGARA TIMUR,MANGGARAI TIMUR,2
saburaijuakab,58219,55065,55065,58219,5320,532000,5320000000,53,SABU RAIJUA,NUSA TENGGARA TIMUR,SABU RAIJUA,2
malakakab,928072,55065,55065,928072,5321,532100,5321000000,53,MALAKA,NUSA TENGGARA TIMUR,MALAKA,2
sambaskab,58286,58285,58285,58286,6101,610100,6101000000,61,SAMBAS,KALIMANTAN BARAT,SAMBAS,2
pontianakkab,58490,58285,58285,58490,6102,610200,6102000000,61,MEMPAWAH,KALIMANTAN BARAT,MEMPAWAH,2
sanggaukab,58567,58285,58285,58567,6103,610300,6103000000,61,SANGGAU,KALIMANTAN BARAT,SANGGAU,2
ketapangkab,58749,58285,58285,58749,6104,610400,6104000000,61,KETAPANG,KALIMANTAN BARAT,KETAPANG,2
sintangkab,59018,58285,58285,59018,6105,610500,6105000000,61,SINTANG,KALIMANTAN BARAT,SINTANG,2
kapuashulukab,59320,58285,58285,59320,6106,610600,6106000000,61,KAPUAS HULU,KALIMANTAN BARAT,KAPUAS HULU,2
bengkayangkab,59557,58285,58285,59557,6107,610700,6107000000,61,BENGKAYANG,KALIMANTAN BARAT,BENGKAYANG,2
landakkab,59699,58285,58285,59699,6108,610800,6108000000,61,LANDAK,KALIMANTAN BARAT,LANDAK,2
sekadaukab,59869,58285,58285,59869,6109,610900,6109000000,61,SEKADAU,KALIMANTAN BARAT,SEKADAU,2
melawikab,59953,58285,58285,59953,6110,611000,6110000000,61,MELAWI,KALIMANTAN BARAT,MELAWI,2
kayongutarakab,60134,58285,58285,60134,6111,611100,6111000000,61,KAYONG UTARA,KALIMANTAN BARAT,KAYONG UTARA,2
pontianakkota,60183,58285,58285,60183,6171,617100,6171000000,61,KOTA PONTIANAK,KALIMANTAN BARAT,KOTA PONTIANAK,2
singkawangkota,60223,58285,58285,60223,6172,617200,6172000000,61,KOTA SINGKAWANG,KALIMANTAN BARAT,KOTA SINGKAWANG,2
kuburayakab,60255,58285,58285,60255,6112,611200,6112000000,61,KUBU RAYA,KALIMANTAN BARAT,KUBU RAYA,2
kapuaskab,60653,60371,60371,60653,6203,620300,6203000000,62,KAPUAS,KALIMANTAN TENGAH,KAPUAS,2
kotawaringinbaratkab,60372,60371,60371,60372,6201,620100,6201000000,62,KOTAWARINGIN BARAT,KALIMANTAN TENGAH,KOTAWARINGIN BARAT,2
kotawaringintimurkab,60468,60371,60371,60468,6202,620200,6202000000,62,KOTAWARINGIN TIMUR,KALIMANTAN TENGAH,KOTAWARINGIN TIMUR,2
baritoselatankab,60867,60371,60371,60867,6204,620400,6204000000,62,BARITO SELATAN,KALIMANTAN TENGAH,BARITO SELATAN,2
baritoutarakab,60967,60371,60371,60967,6205,620500,6205000000,62,BARITO UTARA,KALIMANTAN TENGAH,BARITO UTARA,2
katingankab,61077,60371,60371,61077,6206,620600,6206000000,62,KATINGAN,KALIMANTAN TENGAH,KATINGAN,2
seruyankab,61251,60371,60371,61251,6207,620700,6207000000,62,SERUYAN,KALIMANTAN TENGAH,SERUYAN,2
sukamarakab,61362,60371,60371,61362,6208,620800,6208000000,62,SUKAMARA,KALIMANTAN TENGAH,SUKAMARA,2
lamandaukab,61400,60371,60371,61400,6209,620900,6209000000,62,LAMANDAU,KALIMANTAN TENGAH,LAMANDAU,2
gunungmaskab,61492,60371,60371,61492,6210,621000,6210000000,62,GUNUNG MAS,KALIMANTAN TENGAH,GUNUNG MAS,2
pulangpisaukab,61614,60371,60371,61614,6211,621100,6211000000,62,PULANG PISAU,KALIMANTAN TENGAH,PULANG PISAU,2
murungrayakab,61711,60371,60371,61711,6212,621200,6212000000,62,MURUNG RAYA,KALIMANTAN TENGAH,MURUNG RAYA,2
baritotimurkab,61846,60371,60371,61846,6213,621300,6213000000,62,BARITO TIMUR,KALIMANTAN TENGAH,BARITO TIMUR,2
palangkarayakota,61929,60371,60371,61929,6271,627100,6271000000,62,KOTA PALANGKARAYA,KALIMANTAN TENGAH,KOTA PALANGKARAYA,2
tanahlautkab,61966,61965,61965,61966,6301,630100,6301000000,63,TANAH LAUT,KALIMANTAN SELATAN,TANAH LAUT,2
kotabarukab,62112,61965,61965,62112,6302,630200,6302000000,63,KOTABARU,KALIMANTAN SELATAN,KOTABARU,2
banjarkab,62333,61965,61965,62333,6303,630300,6303000000,63,BANJAR,KALIMANTAN SELATAN,BANJAR,2
baritokualakab,62643,61965,61965,62643,6304,630400,6304000000,63,BARITO KUALA,KALIMANTAN SELATAN,BARITO KUALA,2
tapinkab,62861,61965,61965,62861,6305,630500,6305000000,63,TAPIN,KALIMANTAN SELATAN,TAPIN,2
hulusungaiselatankab,63007,61965,61965,63007,6306,630600,6306000000,63,HULU SUNGAI SELATAN,KALIMANTAN SELATAN,HULU SUNGAI SELATAN,2
hulusungaitengahkab,63167,61965,61965,63167,6307,630700,6307000000,63,HULU SUNGAI TENGAH,KALIMANTAN SELATAN,HULU SUNGAI TENGAH,2
hulusungaiutarakab,63348,61965,61965,63348,6308,630800,6308000000,63,HULU SUNGAI UTARA,KALIMANTAN SELATAN,HULU SUNGAI UTARA,2
tabalongkab,63578,61965,61965,63578,6309,630900,6309000000,63,TABALONG,KALIMANTAN SELATAN,TABALONG,2
tanahbumbukab,63722,61965,61965,63722,6310,631000,6310000000,63,TANAH BUMBU,KALIMANTAN SELATAN,TANAH BUMBU,2
balangankab,63866,61965,61965,63866,6311,631100,6311000000,63,BALANGAN,KALIMANTAN SELATAN,BALANGAN,2
banjarmasinkota,64027,61965,61965,64027,6371,637100,6371000000,63,KOTA BANJARMASIN,KALIMANTAN SELATAN,KOTA BANJARMASIN,2
banjarbarukota,64085,61965,61965,64085,6372,637200,6372000000,63,KOTA BANJARBARU,KALIMANTAN SELATAN,KOTA BANJARBARU,2
paserkab,64112,64111,64111,64112,6401,640100,6401000000,64,PASER,KALIMANTAN TIMUR,PASER,2
kutaikertanegarakab,64248,64111,64111,64248,6402,640200,6402000000,64,KUTAI KARTANEGARA,KALIMANTAN TIMUR,KUTAI KARTANEGARA,2
beraukab,64496,64111,64111,64496,6403,640300,6403000000,64,BERAU,KALIMANTAN TIMUR,BERAU,2
kutaibaratkab,65069,64111,64111,65069,6407,640700,6407000000,64,KUTAI BARAT,KALIMANTAN TIMUR,KUTAI BARAT,2
kutaitimurkab,65315,64111,64111,65315,6408,640800,6408000000,64,KUTAI TIMUR,KALIMANTAN TIMUR,KUTAI TIMUR,2
penajampaserutarakab,65469,64111,64111,65469,6409,640900,6409000000,64,PENAJAM PASER UTARA,KALIMANTAN TIMUR,PENAJAM PASER UTARA,2
balikpapankota,65528,64111,64111,65528,6471,647100,6471000000,64,KOTA BALIKPAPAN,KALIMANTAN TIMUR,KOTA BALIKPAPAN,2
samarindakota,65567,64111,64111,65567,6472,647200,6472000000,64,KOTA SAMARINDA,KALIMANTAN TIMUR,KOTA SAMARINDA,2
bontangkota,65656,64111,64111,65656,6474,647400,6474000000,64,KOTA BONTANG,KALIMANTAN TIMUR,KOTA BONTANG,2
mahakamulukab,928073,64111,64111,928073,6411,641100,6411000000,64,MAHAKAM ULU,KALIMANTAN TIMUR,MAHAKAM ULU,2
bolmongtimkab,65703,65702,65702,65703,7110,711000,7110000000,71,BOLAANG MONGONDOW TIMUR,SULAWESI UTARA,BOLAANG MONGONDOW TIMUR,2
bolmongselkab,65760,65702,65702,65760,7111,711100,7111000000,71,BOLAANG MONGONDOW SELATAN,SULAWESI UTARA,BOLAANG MONGONDOW SELATAN,2
bolaangmongondowkab,65822,65702,65702,65822,7101,710100,7101000000,71,BOLAANG MONGONDOW,SULAWESI UTARA,BOLAANG MONGONDOW,2
minahasakab,65974,65702,65702,65974,7102,710200,7102000000,71,MINAHASA,SULAWESI UTARA,MINAHASA,2
kepsangihekab,66188,65702,65702,66188,7103,710300,7103000000,71,KEPULAUAN SANGIHE,SULAWESI UTARA,KEPULAUAN SANGIHE,2
keptalaudkab,66371,65702,65702,66371,7104,710400,7104000000,71,KEPULAUAN TALAUD,SULAWESI UTARA,KEPULAUAN TALAUD,2
minselkab,66544,65702,65702,66544,7105,710500,7105000000,71,MINAHASA SELATAN,SULAWESI UTARA,MINAHASA SELATAN,2
minutkab,66718,65702,65702,66718,7106,710600,7106000000,71,MINAHASA UTARA,SULAWESI UTARA,MINAHASA UTARA,2
mintrakab,66853,65702,65702,66853,7107,710700,7107000000,71,MINAHASA TENGGARA,SULAWESI UTARA,MINAHASA TENGGARA,2
bolmongutkab,66936,65702,65702,66936,7108,710800,7108000000,71,BOLAANG MONGONDOW UTARA,SULAWESI UTARA,BOLAANG MONGONDOW UTARA,2
kepsitarokab,67035,65702,65702,67035,7109,710900,7109000000,71,KEP. SIAU TAGULANDANG BIARO,SULAWESI UTARA,KEP. SIAU TAGULANDANG BIARO,2
manadokota,67130,65702,65702,67130,7171,717100,7171000000,71,KOTA MANADO,SULAWESI UTARA,KOTA MANADO,2
bitungkota,67227,65702,65702,67227,7172,717200,7172000000,71,KOTA BITUNG,SULAWESI UTARA,KOTA BITUNG,2
tomohonkota,67305,65702,65702,67305,7173,717300,7173000000,71,KOTA TOMOHON,SULAWESI UTARA,KOTA TOMOHON,2
kotamobagukota,67355,65702,65702,67355,7174,717400,7174000000,71,KOTA KOTAMOBAGU,SULAWESI UTARA,KOTA KOTAMOBAGU,2
sigikab,67394,67393,67393,67394,7210,721000,7210000000,72,SIGI,SULAWESI TENGAH,SIGI,2
banggaikab,67558,67393,67393,67558,7201,720100,7201000000,72,BANGGAI,SULAWESI TENGAH,BANGGAI,2
posokab,67866,67393,67393,67866,7202,720200,7202000000,72,POSO,SULAWESI TENGAH,POSO,2
donggalakab,68041,67393,67393,68041,7203,720300,7203000000,72,DONGGALA,SULAWESI TENGAH,DONGGALA,2
tolitolikab,68206,67393,67393,68206,7204,720400,7204000000,72,TOLITOLI,SULAWESI TENGAH,TOLITOLI,2
buolkab,68309,67393,67393,68309,7205,720500,7205000000,72,BUOL,SULAWESI TENGAH,BUOL,2
morowalikab,68428,67393,67393,68428,7206,720600,7206000000,72,MOROWALI,SULAWESI TENGAH,MOROWALI,2
banggaikepkab,68681,67393,67393,68681,7207,720700,7207000000,72,BANGGAI KEPULAUAN,SULAWESI TENGAH,BANGGAI KEPULAUAN,2
parimokab,68887,67393,67393,68887,7208,720800,7208000000,72,PARIGI MOUTONG,SULAWESI TENGAH,PARIGI MOUTONG,2
tojounaunakab,69089,67393,67393,69089,7209,720900,7209000000,72,TOJO UNA-UNA,SULAWESI TENGAH,TOJO UNA-UNA,2
palukota,69220,67393,67393,69220,7271,727100,7271000000,72,KOTA PALU,SULAWESI TENGAH,KOTA PALU,2
banggailautkab,928074,67393,67393,928074,7211,721100,7211000000,72,BANGGAI LAUT,SULAWESI TENGAH,BANGGAI LAUT,2
morowaliutarakab,928075,67393,67393,928075,7212,721200,7212000000,72,MOROWALI UTARA,SULAWESI TENGAH,MOROWALI UTARA,2
torajautarakab,69269,69268,69268,69269,7326,732600,7326000000,73,TORAJA UTARA,SULAWESI SELATAN,TORAJA UTARA,2
selayarkab,69442,69268,69268,69442,7301,730100,7301000000,73,KEPULAUAN SELAYAR,SULAWESI SELATAN,KEPULAUAN SELAYAR,2
bulukumbakab,69531,69268,69268,69531,7302,730200,7302000000,73,BULUKUMBA,SULAWESI SELATAN,BULUKUMBA,2
bantaengkab,69668,69268,69268,69668,7303,730300,7303000000,73,BANTAENG,SULAWESI SELATAN,BANTAENG,2
jenepontokab,69744,69268,69268,69744,7304,730400,7304000000,73,JENEPONTO,SULAWESI SELATAN,JENEPONTO,2
takalarkab,69869,69268,69268,69869,7305,730500,7305000000,73,TAKALAR,SULAWESI SELATAN,TAKALAR,2
gowakab,69962,69268,69268,69962,7306,730600,7306000000,73,GOWA,SULAWESI SELATAN,GOWA,2
sinjaikab,70149,69268,69268,70149,7307,730700,7307000000,73,SINJAI,SULAWESI SELATAN,SINJAI,2
bonekab,70239,69268,69268,70239,7308,730800,7308000000,73,BONE,SULAWESI SELATAN,BONE,2
maroskab,70639,69268,69268,70639,7309,730900,7309000000,73,MAROS,SULAWESI SELATAN,MAROS,2
pangkajenekepkab,70757,69268,69268,70757,7310,731000,7310000000,73,PANGKAJENE DAN KEPULAUAN,SULAWESI SELATAN,PANGKAJENE DAN KEPULAUAN,2
barrukab,70873,69268,69268,70873,7311,731100,7311000000,73,BARRU,SULAWESI SELATAN,BARRU,2
soppengkab,70935,69268,69268,70935,7312,731200,7312000000,73,SOPPENG,SULAWESI SELATAN,SOPPENG,2
wajokab,71014,69268,69268,71014,7313,731300,7313000000,73,WAJO,SULAWESI SELATAN,WAJO,2
sinderengrapangkab,71209,69268,69268,71209,7314,731400,7314000000,73,SIDENRENG RAPPANG,SULAWESI SELATAN,SIDENRENG RAPPANG,2
pinrangkab,71327,69268,69268,71327,7315,731500,7315000000,73,PINRANG,SULAWESI SELATAN,PINRANG,2
enrekangkab,71437,69268,69268,71437,7316,731600,7316000000,73,ENREKANG,SULAWESI SELATAN,ENREKANG,2
luwukab,71579,69268,69268,71579,7317,731700,7317000000,73,LUWU,SULAWESI SELATAN,LUWU,2
tanatorajakab,71828,69268,69268,71828,7318,731800,7318000000,73,TANA TORAJA,SULAWESI SELATAN,TANA TORAJA,2
luwuutarakab,72007,69268,69268,72007,7322,732200,7322000000,73,LUWU UTARA,SULAWESI SELATAN,LUWU UTARA,2
luwutimurkab,72190,69268,69268,72190,7324,732400,7324000000,73,LUWU TIMUR,SULAWESI SELATAN,LUWU TIMUR,2
makassarkota,72309,69268,69268,72309,7371,737100,7371000000,73,KOTA MAKASSAR,SULAWESI SELATAN,KOTA MAKASSAR,2
pareparekota,72467,69268,69268,72467,7372,737200,7372000000,73,KOTA PARE PARE,SULAWESI SELATAN,KOTA PARE PARE,2
palopokota,72493,69268,69268,72493,7373,737300,7373000000,73,KOTA PALOPO,SULAWESI SELATAN,KOTA PALOPO,2
kolakakab,72552,72551,72551,72552,7401,740100,7401000000,74,KOLAKA,SULAWESI TENGGARA,KOLAKA,2
konawekab,72786,72551,72551,72786,7402,740200,7402000000,74,KONAWE,SULAWESI TENGGARA,KONAWE,2
munakab,73150,72551,72551,73150,7403,740300,7403000000,74,MUNA,SULAWESI TENGGARA,MUNA,2
butonkab,73420,72551,72551,73420,7404,740400,7404000000,74,BUTON,SULAWESI TENGGARA,BUTON,2
konaweselatankab,73650,72551,72551,73650,7405,740500,7405000000,74,KONAWE SELATAN,SULAWESI TENGGARA,KONAWE SELATAN,2
bombanakab,74018,72551,72551,74018,7406,740600,7406000000,74,BOMBANA,SULAWESI TENGGARA,BOMBANA,2
wakatobikab,74179,72551,72551,74179,7407,740700,7407000000,74,WAKATOBI,SULAWESI TENGGARA,WAKATOBI,2
kolakautarakab,74288,72551,72551,74288,7408,740800,7408000000,74,KOLAKA UTARA,SULAWESI TENGGARA,KOLAKA UTARA,2
konaweutarakab,74437,72551,72551,74437,7409,740900,7409000000,74,KONAWE UTARA,SULAWESI TENGGARA,KONAWE UTARA,2
butonutarakab,74525,72551,72551,74525,7410,741000,7410000000,74,BUTON UTARA,SULAWESI TENGGARA,BUTON UTARA,2
kendarikota,74590,72551,72551,74590,7471,747100,7471000000,74,KOTA KENDARI,SULAWESI TENGGARA,KOTA KENDARI,2
baubaukota,74665,72551,72551,74665,7472,747200,7472000000,74,KOTA BAU BAU,SULAWESI TENGGARA,KOTA BAU BAU,2
kolakatimurkab,928076,72551,72551,928076,7411,741100,7411000000,74,KOLAKA TIMUR,SULAWESI TENGGARA,KOLAKA TIMUR,2
kepkonawekab,928077,72551,72551,928077,7412,741200,7412000000,74,KONAWE KEPULAUAN,SULAWESI TENGGARA,KONAWE KEPULAUAN,2
mubarkab,928082,72551,72551,928082,7413,741300,7413000000,74,MUNA BARAT,SULAWESI TENGGARA,MUNA BARAT,2
butengkab,928083,72551,72551,928083,7414,741400,7414000000,74,BUTON TENGAH,SULAWESI TENGGARA,BUTON TENGAH,2
buselkab,928084,72551,72551,928084,7415,741500,7415000000,74,BUTON SELATAN,SULAWESI TENGGARA,BUTON SELATAN,2
gorontalokab,74717,74716,74716,74717,7501,750100,7501000000,75,GORONTALO,GORONTALO,GORONTALO,2
boalemokab,74941,74716,74716,74941,7502,750200,7502000000,75,BOALEMO,GORONTALO,BOALEMO,2
bonebolangokab,75031,74716,74716,75031,7503,750300,7503000000,75,BONE BOLANGO,GORONTALO,BONE BOLANGO,2
pahuwatokab,75183,74716,74716,75183,7504,750400,7504000000,75,PAHUWATO,GORONTALO,PAHUWATO,2
gorontaloutarakab,75301,74716,74716,75301,7505,750500,7505000000,75,GORONTALO UTARA,GORONTALO,GORONTALO UTARA,2
gorontalokota,75365,74716,74716,75365,7571,757100,7571000000,75,KOTA GORONTALO,GORONTALO,KOTA GORONTALO,2
mamujuutarakab,75426,75425,75425,75426,7601,760100,7601000000,76,MAMUJU UTARA,SULAWESI BARAT,MAMUJU UTARA,2
mamujukab,75502,75425,75425,75502,7602,760200,7602000000,76,MAMUJU,SULAWESI BARAT,MAMUJU,2
mamasakab,75670,75425,75425,75670,7603,760300,7603000000,76,MAMASA,SULAWESI BARAT,MAMASA,2
polewalimandarkab,75863,75425,75425,75863,7604,760400,7604000000,76,POLEWALI MANDAR,SULAWESI BARAT,POLEWALI MANDAR,2
majenekab,76047,75425,75425,76047,7605,760500,7605000000,76,MAJENE,SULAWESI BARAT,MAJENE,2
mamujutengahkab,928078,75425,75425,928078,7606,760600,7606000000,76,MAMUJU TENGAH,SULAWESI BARAT,MAMUJU TENGAH,2
malbardaykab,76097,76096,76096,76097,8108,810800,8108000000,81,MALUKU BARAT DAYA,MALUKU,MALUKU BARAT DAYA,2
buruselatankab,76223,76096,76096,76223,8109,810900,8109000000,81,BURU SELATAN,MALUKU,BURU SELATAN,2
maltengkab,76284,76096,76096,76284,8101,810100,8101000000,81,MALUKU TENGAH,MALUKU,MALUKU TENGAH,2
maltrakab,76470,76096,76096,76470,8102,810200,8102000000,81,MALUKU TENGGARA,MALUKU,MALUKU TENGGARA,2
maltrabarkab,76568,76096,76096,76568,8103,810300,8103000000,81,MALUKU TENGGARA BARAT,MALUKU,MALUKU TENGGARA BARAT,2
burukab,76651,76096,76096,76651,8104,810400,8104000000,81,BURU,MALUKU,BURU,2
serambagtimkab,76708,76096,76096,76708,8105,810500,8105000000,81,SERAM BAGIAN TIMUR,MALUKU,SERAM BAGIAN TIMUR,2
serambagbarkab,76771,76096,76096,76771,8106,810600,8106000000,81,SERAM BAGIAN BARAT,MALUKU,SERAM BAGIAN BARAT,2
keparukab,76868,76096,76096,76868,8107,810700,8107000000,81,KEPULAUAN ARU,MALUKU,KEPULAUAN ARU,2
ambonkota,76995,76096,76096,76995,8171,817100,8171000000,81,KOTA AMBON,MALUKU,KOTA AMBON,2
tualkota,77051,76096,76096,77051,8172,817200,8172000000,81,KOTA TUAL,MALUKU,KOTA TUAL,2
kepmorotaikab,77086,77085,77085,77086,8207,820700,8207000000,82,PULAU MOROTAI,MALUKU UTARA,PULAU MOROTAI,2
halbarkab,77155,77085,77085,77155,8201,820100,8201000000,82,HALMAHERA BARAT,MALUKU UTARA,HALMAHERA BARAT,2
haltengkab,77311,77085,77085,77311,8202,820200,8202000000,82,HALMAHERA TENGAH,MALUKU UTARA,HALMAHERA TENGAH,2
halutkab,77364,77085,77085,77364,8203,820300,8203000000,82,HALMAHERA UTARA,MALUKU UTARA,HALMAHERA UTARA,2
halselkab,77578,77085,77085,77578,8204,820400,8204000000,82,HALMAHERA SELATAN,MALUKU UTARA,HALMAHERA SELATAN,2
kepsulakab,77858,77085,77085,77858,8205,820500,8205000000,82,KEPULAUAN SULA,MALUKU UTARA,KEPULAUAN SULA,2
haltimkab,77956,77085,77085,77956,8206,820600,8206000000,82,HALMAHERA TIMUR,MALUKU UTARA,HALMAHERA TIMUR,2
ternatekota,78040,77085,77085,78040,8271,827100,8271000000,82,KOTA TERNATE,MALUKU UTARA,KOTA TERNATE,2
tidorekepkota,78122,77085,77085,78122,8272,827200,8272000000,82,KOTA TIDORE KEPULAUAN,MALUKU UTARA,KOTA TIDORE KEPULAUAN,2
taliabukab,928079,77085,77085,928079,8208,820800,8208000000,82,PULAU TALIABU,MALUKU UTARA,PULAU TALIABU,2
intanjayakab,78204,78203,78203,78204,9127,912700,9127000000,91,INTAN JAYA,PAPUA,INTAN JAYA,2
deiyaikab,78289,78203,78203,78289,9128,912800,9128000000,91,DEIYAI,PAPUA,DEIYAI,2
tolikarakab,78324,78203,78203,78324,9114,911400,9114000000,91,TOLIKARA,PAPUA,TOLIKARA,2
waropenkab,78862,78203,78203,78862,9115,911500,9115000000,91,WAROPEN,PAPUA,WAROPEN,2
bovendigoelkab,78927,78203,78203,78927,9116,911600,9116000000,91,BOVEN DIGOEL,PAPUA,BOVEN DIGOEL,2
mappikab,79019,78203,78203,79019,9117,911700,9117000000,91,MAPPI,PAPUA,MAPPI,2
asmatkab,79163,78203,78203,79163,9118,911800,9118000000,91,ASMAT,PAPUA,ASMAT,2
supiorikab,79310,78203,78203,79310,9119,911900,9119000000,91,SUPIORI,PAPUA,SUPIORI,2
mamberamorayakab,79354,78203,78203,79354,9120,912000,9120000000,91,MAMBERAMO RAYA,PAPUA,MAMBERAMO RAYA,2
jayapurakota,79421,78203,78203,79421,9171,917100,9171000000,91,KOTA JAYAPURA,PAPUA,KOTA JAYAPURA,2
maberamotengahkab,79466,78203,78203,79466,9121,912100,9121000000,91,MAMBERAMO TENGAH,PAPUA,MAMBERAMO TENGAH,2
yalimokab,79531,78203,78203,79531,9122,912200,9122000000,91,YALIMO,PAPUA,YALIMO,2
lannyjayakab,79564,78203,78203,79564,9123,912300,9123000000,91,LANNY JAYA,PAPUA,LANNY JAYA,2
dugakab,79629,78203,78203,79629,9124,912400,9124000000,91,NDUGA,PAPUA,NDUGA,2
puncakkab,79663,78203,78203,79663,9125,912500,9125000000,91,PUNCAK,PAPUA,PUNCAK,2
dogiyaikab,79752,78203,78203,79752,9126,912600,9126000000,91,DOGIYAI,PAPUA,DOGIYAI,2
meraukekab,79826,78203,78203,79826,9101,910100,9101000000,91,MERAUKE,PAPUA,MERAUKE,2
jayawijayakab,80015,78203,78203,80015,9102,910200,9102000000,91,JAYAWIJAYA,PAPUA,JAYAWIJAYA,2
jayapurakab,80144,78203,78203,80144,9103,910300,9103000000,91,JAYAPURA,PAPUA,JAYAPURA,2
nabirekab,80309,78203,78203,80309,9104,910400,9104000000,91,NABIRE,PAPUA,NABIRE,2
yapenwaropenkab,80402,78203,78203,80402,9105,910500,9105000000,91,KEPULAUAN YAPEN,PAPUA,KEPULAUAN YAPEN,2
biaknumforkab,80526,78203,78203,80526,9106,910600,9106000000,91,BIAK NUMFOR,PAPUA,BIAK NUMFOR,2
puncakjayakab,80724,78203,78203,80724,9107,910700,9107000000,91,PUNCAK JAYA,PAPUA,PUNCAK JAYA,2
paniaikab,80851,78203,78203,80851,9108,910800,9108000000,91,PANIAI,PAPUA,PANIAI,2
mimikakab,81007,78203,78203,81007,9109,910900,9109000000,91,MIMIKA,PAPUA,MIMIKA,2
sarmikab,81104,78203,78203,81104,9110,911000,9110000000,91,SARMI,PAPUA,SARMI,2
keeromkab,81192,78203,78203,81192,9111,911100,9111000000,91,KEEROM,PAPUA,KEEROM,2
pegbintangkab,81261,78203,78203,81261,9112,911200,9112000000,91,PEGUNUNGAN BINTANG,PAPUA,PEGUNUNGAN BINTANG,2
yahukimokab,81357,78203,78203,81357,9113,911300,9113000000,91,YAHUKIMO,PAPUA,YAHUKIMO,2
maybratkab,81878,81877,81877,81878,9210,921000,9210000000,92,MAYBRAT,PAPUA BARAT,MAYBRAT,2
tambrauwkab,81992,81877,81877,81992,9209,920900,9209000000,92,TAMBRAUW,PAPUA BARAT,TAMBRAUW,2
sorongkab,82022,81877,81877,82022,9201,920100,9201000000,92,SORONG,PAPUA BARAT,SORONG,2
manokwarikab,82154,81877,81877,82154,9202,920200,9202000000,92,MANOKWARI,PAPUA BARAT,MANOKWARI,2
fakfakkab,82605,81877,81877,82605,9203,920300,9203000000,92,FAKFAK,PAPUA BARAT,FAKFAK,2
sorongselatankab,82724,81877,81877,82724,9204,920400,9204000000,92,SORONG SELATAN,PAPUA BARAT,SORONG SELATAN,2
rajaampatkab,82850,81877,81877,82850,9205,920500,9205000000,92,RAJA AMPAT,PAPUA BARAT,RAJA AMPAT,2
telbintunikab,82965,81877,81877,82965,9206,920600,9206000000,92,TELUK BINTUNI,PAPUA BARAT,TELUK BINTUNI,2
telwondamakab,83107,81877,81877,83107,9207,920700,9207000000,92,TELUK WONDAMA,PAPUA BARAT,TELUK WONDAMA,2
kaimanakab,83194,81877,81877,83194,9208,920800,9208000000,92,KAIMANA,PAPUA BARAT,KAIMANA,2
sorongkota,83289,81877,81877,83289,9271,927100,9271000000,92,KOTA SORONG,PAPUA BARAT,KOTA SORONG,2
manokwariselatankab,928080,81877,81877,928080,9211,921100,9211000000,92,MANOKWARI SELATAN,PAPUA BARAT,MANOKWARI SELATAN,2
pegarfakkab,928081,81877,81877,928081,9212,921200,9212000000,92,PEGUNUNGAN ARFAK,PAPUA BARAT,PEGUNUNGAN ARFAK,2
bulungankab,64617,928068,928068,64617,6501,650100,6501000000,65,BULUNGAN,KALIMANTAN UTARA,BULUNGAN,2
nunukankab,64709,928068,928068,64709,6503,650300,6503000000,65,NUNUKAN,KALIMANTAN UTARA,NUNUKAN,2
malinaukab,64949,928068,928068,64949,6502,650200,6502000000,65,MALINAU,KALIMANTAN UTARA,MALINAU,2
tarakankota,65631,928068,928068,65631,6571,657100,6571000000,65,KOTA TARAKAN,KALIMANTAN UTARA,KOTA TARAKAN,2
tanatidungkab,65675,928068,928068,65675,6504,650400,6504000000,65,TANA TIDUNG,KALIMANTAN UTARA,TANA TIDUNG,2
