idPro,namaPro,idKab,namaKab,totalAlokasiKursi
1,ACEH,2,ACEH SELATAN,30
1,ACEH,269,ACEH TENGGARA,30
1,ACEH,671,ACEH TIMUR,40
1,ACEH,1207,ACEH TENGAH,30
1,ACEH,1492,ACEH BARAT,25
1,ACEH,1824,ACEH BESAR,35
1,ACEH,2452,PIDIE,40
1,ACEH,3205,ACEH UTARA,45
1,ACEH,4086,SIMEULUE,20
1,ACEH,4233,ACEH SINGKIL,25
1,ACEH,4362,BIREUEN,40
1,ACEH,4989,ACEH BARAT DAYA,25
1,ACEH,5138,GAYO LUES,20
1,ACEH,5286,ACEH JAYA,20
1,ACEH,5463,NAGAN RAYA,25
1,ACEH,5694,ACEH TAMIANG,30
1,ACEH,5920,BENER MERIAH,25
1,ACEH,6166,PIDIE JAYA,25
1,ACEH,6397,KOTA BANDA ACEH,30
1,ACEH,6497,KOTA SABANG,20
1,ACEH,6518,KOTA LHOKSEUMAWE,25
1,ACEH,6591,KOTA LANGSA,25
1,ACEH,6648,KOTA SUBULUSSALAM,20
6728,SUMATERA UTARA,6729,LABUHANBATU SELATAN,35
6728,SUMATERA UTARA,6789,LABUHANBATU UTARA,35
6728,SUMATERA UTARA,6888,NIAS UTARA,25
6728,SUMATERA UTARA,7013,NIAS BARAT,20
6728,SUMATERA UTARA,7132,KOTA GUNUNGSITOLI,25
6728,SUMATERA UTARA,7240,TAPANULI TENGAH,35
6728,SUMATERA UTARA,7438,TAPANULI UTARA,35
6728,SUMATERA UTARA,7697,TAPANULI SELATAN,35
6728,SUMATERA UTARA,7960,NIAS,25
6728,SUMATERA UTARA,8094,LANGKAT,50
6728,SUMATERA UTARA,8408,KARO,35
6728,SUMATERA UTARA,8688,DELI SERDANG,50
6728,SUMATERA UTARA,9114,SIMALUNGUN,50
6728,SUMATERA UTARA,9497,ASAHAN,45
6728,SUMATERA UTARA,9727,LABUHANBATU,45
6728,SUMATERA UTARA,9835,DAIRI,35
6728,SUMATERA UTARA,10020,TOBA SAMOSIR,30
6728,SUMATERA UTARA,10227,MANDAILING NATAL,40
6728,SUMATERA UTARA,10646,NIAS SELATAN,35
6728,SUMATERA UTARA,11022,PAKPAK BHARAT,20
6728,SUMATERA UTARA,11083,HUMBANG HASUNDUTAN,25
6728,SUMATERA UTARA,11247,SAMOSIR,25
6728,SUMATERA UTARA,11374,SERDANG BEDAGAI,45
6728,SUMATERA UTARA,11635,BATU BARA,35
6728,SUMATERA UTARA,11743,KOTA MEDAN,50
6728,SUMATERA UTARA,11916,KOTA PEMATANGSIANTAR,30
6728,SUMATERA UTARA,11978,KOTA SIBOLGA,20
6728,SUMATERA UTARA,12000,KOTA TANJUNG BALAI,25
6728,SUMATERA UTARA,12038,KOTA BINJAI,30
6728,SUMATERA UTARA,12081,KOTA TEBING TINGGI,25
6728,SUMATERA UTARA,12122,KOTA PADANG SIDIMPUAN,30
6728,SUMATERA UTARA,12208,PADANG LAWAS UTARA,30
6728,SUMATERA UTARA,12606,PADANG LAWAS,30
12920,SUMATERA BARAT,12921,PESISIR SELATAN,45
12920,SUMATERA BARAT,13010,SOLOK,35
12920,SUMATERA BARAT,13099,SIJUNJUNG,30
12920,SUMATERA BARAT,13163,TANAH DATAR,35
12920,SUMATERA BARAT,13253,PADANG PARIAMAN,40
12920,SUMATERA BARAT,13317,AGAM,45
12920,SUMATERA BARAT,13416,LIMA PULUH KOTA,35
12920,SUMATERA BARAT,13509,PASAMAN,35
12920,SUMATERA BARAT,13554,KEPULAUAN MENTAWAI,20
12920,SUMATERA BARAT,13608,DHARMASRAYA,30
12920,SUMATERA BARAT,13634,SOLOK SELATAN,25
12920,SUMATERA BARAT,13681,PASAMAN BARAT,40
12920,SUMATERA BARAT,13712,KOTA PADANG,45
12920,SUMATERA BARAT,13828,KOTA SOLOK,20
12920,SUMATERA BARAT,13844,KOTA SAWAHLUNTO,20
12920,SUMATERA BARAT,13886,KOTA PADANG PANJANG,20
12920,SUMATERA BARAT,13905,KOTA BUKITTINGGI,25
12920,SUMATERA BARAT,13933,KOTA PAYAKUMBUH,25
12920,SUMATERA BARAT,14010,KOTA PARIAMAN,20
14086,RIAU,14087,KEPULAUAN MERANTI,30
14086,RIAU,14166,KAMPAR,45
14086,RIAU,14414,INDRAGIRI HULU,40
14086,RIAU,14630,BENGKALIS,45
14086,RIAU,14741,INDRAGIRI HILIR,45
14086,RIAU,14955,PELALAWAN,35
14086,RIAU,15087,ROKAN HULU,45
14086,RIAU,15254,ROKAN HILIR,45
14086,RIAU,15412,SIAK,40
14086,RIAU,15553,KUANTAN SINGINGI,35
14086,RIAU,15775,KOTA PEKANBARU,45
14086,RIAU,15846,KOTA DUMAI,30
15885,JAMBI,15886,KOTA SUNGAI PENUH,25
15885,JAMBI,15961,KERINCI,30
15885,JAMBI,16183,MERANGIN,35
15885,JAMBI,16420,SAROLANGUN,35
15885,JAMBI,16576,BATANGHARI,35
15885,JAMBI,16699,MUARO JAMBI,35
15885,JAMBI,16862,TANJUNG JABUNG BARAT,35
15885,JAMBI,16946,TANJUNG JABUNG TIMUR,30
15885,JAMBI,17051,BUNGO,35
15885,JAMBI,17215,TEBO,35
15885,JAMBI,17333,KOTA JAMBI,45
17404,SUMATERA SELATAN,17405,OGAN KOMERING ULU,35
17404,SUMATERA SELATAN,17570,OGAN KOMERING ILIR,45
17404,SUMATERA SELATAN,17895,MUARA ENIM,45
17404,SUMATERA SELATAN,18244,LAHAT,40
17404,SUMATERA SELATAN,18643,MUSI RAWAS,40
17404,SUMATERA SELATAN,18942,MUSI BANYUASIN,45
17404,SUMATERA SELATAN,19172,BANYUASIN,45
17404,SUMATERA SELATAN,19492,OGAN KOMERING ULU TIMUR,45
17404,SUMATERA SELATAN,19808,OGAN KOMERING ULU SELATAN,40
17404,SUMATERA SELATAN,20087,OGAN ILIR,40
17404,SUMATERA SELATAN,20345,EMPAT LAWANG,35
17404,SUMATERA SELATAN,20512,KOTA PALEMBANG,50
17404,SUMATERA SELATAN,20636,KOTA PAGAR ALAM,25
17404,SUMATERA SELATAN,20677,KOTA LUBUKLINGGAU,30
17404,SUMATERA SELATAN,20758,KOTA PRABUMULIH,25
17404,SUMATERA SELATAN,928069,PENUKAL ABAB LEMATANG ILIR,25
17404,SUMATERA SELATAN,928070,MUSI RAWAS UTARA,25
20802,BENGKULU,20803,BENGKULU TENGAH,25
20802,BENGKULU,20923,BENGKULU SELATAN,25
20802,BENGKULU,21093,REJANG LEBONG,30
20802,BENGKULU,21265,BENGKULU UTARA,30
20802,BENGKULU,21492,KAUR,25
20802,BENGKULU,21702,SELUMA,30
20802,BENGKULU,21885,MUKOMUKO,25
20802,BENGKULU,22052,LEBONG,25
20802,BENGKULU,22135,KEPAHIANG,25
20802,BENGKULU,22252,KOTA BENGKULU,35
22328,LAMPUNG,22329,PRINGSEWU,40
22328,LAMPUNG,22439,MESUJI,35
22328,LAMPUNG,22522,TULANG BAWANG BARAT,30
22328,LAMPUNG,22605,LAMPUNG SELATAN,50
22328,LAMPUNG,22875,LAMPUNG TENGAH,50
22328,LAMPUNG,23189,LAMPUNG UTARA,45
22328,LAMPUNG,23460,LAMPUNG BARAT,35
22328,LAMPUNG,23737,TULANG BAWANG,40
22328,LAMPUNG,23903,TANGGAMUS,45
22328,LAMPUNG,24202,LAMPUNG TIMUR,50
22328,LAMPUNG,24484,WAY KANAN,40
22328,LAMPUNG,24709,KOTA BANDAR LAMPUNG,50
22328,LAMPUNG,24822,KOTA METRO,25
22328,LAMPUNG,24850,PESAWARAN,45
22328,LAMPUNG,928071,PESISIR BARAT,25
24993,KEPULAUAN BANGKA BELITUNG,24994,BANGKA,35
24993,KEPULAUAN BANGKA BELITUNG,25072,BELITUNG,25
24993,KEPULAUAN BANGKA BELITUNG,25120,BANGKA SELATAN,25
24993,KEPULAUAN BANGKA BELITUNG,25181,BANGKA TENGAH,25
24993,KEPULAUAN BANGKA BELITUNG,25245,BANGKA BARAT,25
24993,KEPULAUAN BANGKA BELITUNG,25316,BELITUNG TIMUR,25
24993,KEPULAUAN BANGKA BELITUNG,25363,KOTA PANGKALPINANG,30
25405,KEPULAUAN RIAU,25406,KOTA TANJUNGPINANG,30
25405,KEPULAUAN RIAU,25429,KEPULAUAN ANAMBAS,20
25405,KEPULAUAN RIAU,25471,BINTAN,25
25405,KEPULAUAN RIAU,25533,KARIMUN,30
25405,KEPULAUAN RIAU,25597,NATUNA,20
25405,KEPULAUAN RIAU,25683,LINGGA,20
25405,KEPULAUAN RIAU,25746,KOTA BATAM,50
26141,JAWA BARAT,26142,BOGOR,55
26141,JAWA BARAT,26611,SUKABUMI,50
26141,JAWA BARAT,27026,CIANJUR,50
26141,JAWA BARAT,27407,BANDUNG,55
26141,JAWA BARAT,27714,GARUT,50
26141,JAWA BARAT,28182,TASIKMALAYA,50
26141,JAWA BARAT,28573,CIAMIS,50
26141,JAWA BARAT,28960,KUNINGAN,50
26141,JAWA BARAT,29369,CIREBON,50
26141,JAWA BARAT,29834,MAJALENGKA,50
26141,JAWA BARAT,30197,SUMEDANG,50
26141,JAWA BARAT,30503,INDRAMAYU,50
26141,JAWA BARAT,30851,SUBANG,50
26141,JAWA BARAT,31135,PURWAKARTA,45
26141,JAWA BARAT,31345,KARAWANG,50
26141,JAWA BARAT,31685,BEKASI,50
26141,JAWA BARAT,31896,BANDUNG BARAT,50
26141,JAWA BARAT,32077,KOTA BOGOR,50
26141,JAWA BARAT,32152,KOTA SUKABUMI,35
26141,JAWA BARAT,32193,KOTA BANDUNG,50
26141,JAWA BARAT,32375,KOTA CIREBON,35
26141,JAWA BARAT,32403,KOTA BEKASI,50
26141,JAWA BARAT,32472,KOTA DEPOK,50
26141,JAWA BARAT,32547,KOTA CIMAHI,45
26141,JAWA BARAT,32566,KOTA TASIKMALAYA,45
26141,JAWA BARAT,32646,KOTA BANJAR,30
26141,JAWA BARAT,927964,PANGANDARAN,40
32676,JAWA TENGAH,32677,CILACAP,50
32676,JAWA TENGAH,32986,BANYUMAS,50
32676,JAWA TENGAH,33345,PURBALINGGA,45
32676,JAWA TENGAH,33603,BANJARNEGARA,50
32676,JAWA TENGAH,33902,KEBUMEN,50
32676,JAWA TENGAH,34389,PURWOREJO,45
32676,JAWA TENGAH,34900,WONOSOBO,45
32676,JAWA TENGAH,35181,MAGELANG,50
32676,JAWA TENGAH,35575,BOYOLALI,45
32676,JAWA TENGAH,35862,KLATEN,50
32676,JAWA TENGAH,36290,SUKOHARJO,45
32676,JAWA TENGAH,36470,WONOGIRI,50
32676,JAWA TENGAH,36790,KARANGANYAR,45
32676,JAWA TENGAH,36985,SRAGEN,45
32676,JAWA TENGAH,37214,GROBOGAN,50
32676,JAWA TENGAH,37514,BLORA,45
32676,JAWA TENGAH,37826,REMBANG,45
32676,JAWA TENGAH,38136,PATI,50
32676,JAWA TENGAH,38564,KUDUS,45
32676,JAWA TENGAH,38706,JEPARA,50
32676,JAWA TENGAH,38917,DEMAK,50
32676,JAWA TENGAH,39181,SEMARANG,50
32676,JAWA TENGAH,39436,TEMANGGUNG,45
32676,JAWA TENGAH,39746,KENDAL,45
32676,JAWA TENGAH,40053,BATANG,45
32676,JAWA TENGAH,40317,PEKALONGAN,45
32676,JAWA TENGAH,40622,PEMALANG,50
32676,JAWA TENGAH,40859,TEGAL,50
32676,JAWA TENGAH,41165,BREBES,50
32676,JAWA TENGAH,41480,KOTA MAGELANG,25
32676,JAWA TENGAH,41501,KOTA SURAKARTA,45
32676,JAWA TENGAH,41558,KOTA SALATIGA,25
32676,JAWA TENGAH,41585,KOTA SEMARANG,50
32676,JAWA TENGAH,41779,KOTA PEKALONGAN,35
32676,JAWA TENGAH,41831,KOTA TEGAL,30
41863,DAERAH ISTIMEWA YOGYAKARTA,41864,KULON PROGO,40
41863,DAERAH ISTIMEWA YOGYAKARTA,41965,BANTUL,45
41863,DAERAH ISTIMEWA YOGYAKARTA,42058,GUNUNGKIDUL,45
41863,DAERAH ISTIMEWA YOGYAKARTA,42221,SLEMAN,50
41863,DAERAH ISTIMEWA YOGYAKARTA,42325,KOTA YOGYAKARTA,40
42385,JAWA TIMUR,42386,PACITAN,45
42385,JAWA TIMUR,42570,PONOROGO,45
42385,JAWA TIMUR,42897,TRENGGALEK,45
42385,JAWA TIMUR,43069,TULUNGAGUNG,50
42385,JAWA TIMUR,43360,BLITAR,50
42385,JAWA TIMUR,43630,KEDIRI,50
42385,JAWA TIMUR,43993,MALANG,50
42385,JAWA TIMUR,44417,LUMAJANG,50
42385,JAWA TIMUR,44643,JEMBER,50
42385,JAWA TIMUR,44923,BANYUWANGI,50
42385,JAWA TIMUR,45165,BONDOWOSO,45
42385,JAWA TIMUR,45407,SITUBONDO,45
42385,JAWA TIMUR,45561,PROBOLINGGO,50
42385,JAWA TIMUR,45916,PASURUAN,50
42385,JAWA TIMUR,46306,SIDOARJO,50
42385,JAWA TIMUR,46678,MOJOKERTO,50
42385,JAWA TIMUR,47001,JOMBANG,50
42385,JAWA TIMUR,47329,NGANJUK,50
42385,JAWA TIMUR,47634,MADIUN,45
42385,JAWA TIMUR,47856,MAGETAN,45
42385,JAWA TIMUR,48110,NGAWI,45
42385,JAWA TIMUR,48347,BOJONEGORO,50
42385,JAWA TIMUR,48805,TUBAN,50
42385,JAWA TIMUR,49154,LAMONGAN,50
42385,JAWA TIMUR,49656,GRESIK,50
42385,JAWA TIMUR,50031,BANGKALAN,50
42385,JAWA TIMUR,50331,SAMPANG,45
42385,JAWA TIMUR,50532,PAMEKASAN,45
42385,JAWA TIMUR,50735,SUMENEP,50
42385,JAWA TIMUR,51095,KOTA KEDIRI,30
42385,JAWA TIMUR,51145,KOTA BLITAR,25
42385,JAWA TIMUR,51170,KOTA MALANG,45
42385,JAWA TIMUR,51233,KOTA PROBOLINGGO,30
42385,JAWA TIMUR,51268,KOTA PASURUAN,30
42385,JAWA TIMUR,51306,KOTA MOJOKERTO,25
42385,JAWA TIMUR,51327,KOTA MADIUN,30
42385,JAWA TIMUR,51358,KOTA SURABAYA,50
42385,JAWA TIMUR,51550,KOTA BATU,30
51578,BANTEN,51579,PANDEGLANG,50
51578,BANTEN,51913,LEBAK,50
51578,BANTEN,52287,TANGERANG,50
51578,BANTEN,52593,SERANG,50
51578,BANTEN,52936,KOTA TANGERANG,50
51578,BANTEN,53054,KOTA CILEGON,40
51578,BANTEN,53106,KOTA SERANG,45
51578,BANTEN,53179,KOTA TANGERANG SELATAN,50
53241,BALI,53242,JEMBRANA,35
53241,BALI,53299,TABANAN,40
53241,BALI,53439,BADUNG,40
53241,BALI,53508,GIANYAR,40
53241,BALI,53586,KLUNGKUNG,30
53241,BALI,53650,BANGLI,30
53241,BALI,53727,KARANGASEM,45
53241,BALI,53814,BULELENG,45
53241,BALI,53972,KOTA DENPASAR,45
54020,NUSA TENGGARA BARAT,54021,LOMBOK BARAT,45
54020,NUSA TENGGARA BARAT,54123,LOMBOK TENGAH,50
54020,NUSA TENGGARA BARAT,54260,LOMBOK TIMUR,50
54020,NUSA TENGGARA BARAT,54400,SUMBAWA,45
54020,NUSA TENGGARA BARAT,54590,DOMPU,30
54020,NUSA TENGGARA BARAT,54666,BIMA,45
54020,NUSA TENGGARA BARAT,54853,SUMBAWA BARAT,25
54020,NUSA TENGGARA BARAT,54925,KOTA MATARAM,40
54020,NUSA TENGGARA BARAT,54982,KOTA BIMA,25
54020,NUSA TENGGARA BARAT,55026,LOMBOK UTARA,30
55065,NUSA TENGGARA TIMUR,55066,KUPANG,40
55065,NUSA TENGGARA TIMUR,55347,TIMOR TENGAH SELATAN,40
55065,NUSA TENGGARA TIMUR,55620,TIMOR TENGAH UTARA,30
55065,NUSA TENGGARA TIMUR,55819,BELU,30
55065,NUSA TENGGARA TIMUR,56051,ALOR,30
55065,NUSA TENGGARA TIMUR,56244,FLORES TIMUR,30
55065,NUSA TENGGARA TIMUR,56489,SIKKA,35
55065,NUSA TENGGARA TIMUR,56671,ENDE,30
55065,NUSA TENGGARA TIMUR,56904,NGADA,25
55065,NUSA TENGGARA TIMUR,57008,MANGGARAI,35
55065,NUSA TENGGARA TIMUR,57167,SUMBA TIMUR,30
55065,NUSA TENGGARA TIMUR,57346,SUMBA BARAT,25
55065,NUSA TENGGARA TIMUR,57406,LEMBATA,25
55065,NUSA TENGGARA TIMUR,57560,ROTE NDAO,25
55065,NUSA TENGGARA TIMUR,57649,MANGGARAI BARAT,30
55065,NUSA TENGGARA TIMUR,57778,NAGEKEO,25
55065,NUSA TENGGARA TIMUR,57886,SUMBA TENGAH,20
55065,NUSA TENGGARA TIMUR,57935,SUMBA BARAT DAYA,35
55065,NUSA TENGGARA TIMUR,58040,KOTA KUPANG,40
55065,NUSA TENGGARA TIMUR,58098,MANGGARAI TIMUR,30
55065,NUSA TENGGARA TIMUR,58219,SABU RAIJUA,20
55065,NUSA TENGGARA TIMUR,928072,MALAKA,25
58285,KALIMANTAN BARAT,58286,SAMBAS,45
58285,KALIMANTAN BARAT,58490,MEMPAWAH,35
58285,KALIMANTAN BARAT,58567,SANGGAU,40
58285,KALIMANTAN BARAT,58749,KETAPANG,45
58285,KALIMANTAN BARAT,59018,SINTANG,40
58285,KALIMANTAN BARAT,59320,KAPUAS HULU,30
58285,KALIMANTAN BARAT,59557,BENGKAYANG,30
58285,KALIMANTAN BARAT,59699,LANDAK,35
58285,KALIMANTAN BARAT,59869,SEKADAU,30
58285,KALIMANTAN BARAT,59953,MELAWI,30
58285,KALIMANTAN BARAT,60134,KAYONG UTARA,25
58285,KALIMANTAN BARAT,60183,KOTA PONTIANAK,45
58285,KALIMANTAN BARAT,60223,KOTA SINGKAWANG,30
58285,KALIMANTAN BARAT,60255,KUBU RAYA,45
60371,KALIMANTAN TENGAH,60372,KOTAWARINGIN BARAT,30
60371,KALIMANTAN TENGAH,60468,KOTAWARINGIN TIMUR,40
60371,KALIMANTAN TENGAH,60653,KAPUAS,40
60371,KALIMANTAN TENGAH,60867,BARITO SELATAN,25
60371,KALIMANTAN TENGAH,60967,BARITO UTARA,25
60371,KALIMANTAN TENGAH,61077,KATINGAN,25
60371,KALIMANTAN TENGAH,61251,SERUYAN,25
60371,KALIMANTAN TENGAH,61362,SUKAMARA,20
60371,KALIMANTAN TENGAH,61400,LAMANDAU,20
60371,KALIMANTAN TENGAH,61492,GUNUNG MAS,25
60371,KALIMANTAN TENGAH,61614,PULANG PISAU,25
60371,KALIMANTAN TENGAH,61711,MURUNG RAYA,25
60371,KALIMANTAN TENGAH,61846,BARITO TIMUR,25
60371,KALIMANTAN TENGAH,61929,KOTA PALANGKARAYA,30
61965,KALIMANTAN SELATAN,61966,TANAH LAUT,35
61965,KALIMANTAN SELATAN,62112,KOTABARU,35
61965,KALIMANTAN SELATAN,62333,BANJAR,45
61965,KALIMANTAN SELATAN,62643,BARITO KUALA,35
61965,KALIMANTAN SELATAN,62861,TAPIN,25
61965,KALIMANTAN SELATAN,63007,HULU SUNGAI SELATAN,30
61965,KALIMANTAN SELATAN,63167,HULU SUNGAI TENGAH,30
61965,KALIMANTAN SELATAN,63348,HULU SUNGAI UTARA,30
61965,KALIMANTAN SELATAN,63578,TABALONG,30
61965,KALIMANTAN SELATAN,63722,TANAH BUMBU,35
61965,KALIMANTAN SELATAN,63866,BALANGAN,25
61965,KALIMANTAN SELATAN,64027,KOTA BANJARMASIN,45
61965,KALIMANTAN SELATAN,64085,KOTA BANJARBARU,30
64111,KALIMANTAN TIMUR,64112,PASER,30
64111,KALIMANTAN TIMUR,64248,KUTAI KARTANEGARA,45
64111,KALIMANTAN TIMUR,64496,BERAU,30
64111,KALIMANTAN TIMUR,65069,KUTAI BARAT,25
64111,KALIMANTAN TIMUR,65315,KUTAI TIMUR,40
64111,KALIMANTAN TIMUR,65469,PENAJAM PASER UTARA,25
64111,KALIMANTAN TIMUR,65528,KOTA BALIKPAPAN,45
64111,KALIMANTAN TIMUR,65567,KOTA SAMARINDA,45
64111,KALIMANTAN TIMUR,65656,KOTA BONTANG,25
64111,KALIMANTAN TIMUR,928073,MAHAKAM ULU,20
65702,SULAWESI UTARA,65703,BOLAANG MONGONDOW TIMUR,20
65702,SULAWESI UTARA,65760,BOLAANG MONGONDOW SELATAN,20
65702,SULAWESI UTARA,65822,BOLAANG MONGONDOW,30
65702,SULAWESI UTARA,65974,MINAHASA,35
65702,SULAWESI UTARA,66188,KEPULAUAN SANGIHE,25
65702,SULAWESI UTARA,66371,KEPULAUAN TALAUD,25
65702,SULAWESI UTARA,66544,MINAHASA SELATAN,30
65702,SULAWESI UTARA,66718,MINAHASA UTARA,30
65702,SULAWESI UTARA,66853,MINAHASA TENGGARA,25
65702,SULAWESI UTARA,66936,BOLAANG MONGONDOW UTARA,20
65702,SULAWESI UTARA,67035,KEP. SIAU TAGULANDANG BIARO,20
65702,SULAWESI UTARA,67130,KOTA MANADO,40
65702,SULAWESI UTARA,67227,KOTA BITUNG,30
65702,SULAWESI UTARA,67305,KOTA TOMOHON,20
65702,SULAWESI UTARA,67355,KOTA KOTAMOBAGU,25
67393,SULAWESI TENGAH,67394,SIGI,30
67393,SULAWESI TENGAH,67558,BANGGAI,35
67393,SULAWESI TENGAH,67866,POSO,30
67393,SULAWESI TENGAH,68041,DONGGALA,30
67393,SULAWESI TENGAH,68206,TOLITOLI,30
67393,SULAWESI TENGAH,68309,BUOL,25
67393,SULAWESI TENGAH,68428,MOROWALI,25
67393,SULAWESI TENGAH,68681,BANGGAI KEPULAUAN,25
67393,SULAWESI TENGAH,68887,PARIGI MOUTONG,40
67393,SULAWESI TENGAH,69089,TOJO UNA-UNA,25
67393,SULAWESI TENGAH,69220,KOTA PALU,35
67393,SULAWESI TENGAH,928074,BANGGAI LAUT,20
67393,SULAWESI TENGAH,928075,MOROWALI UTARA,25
69268,SULAWESI SELATAN,69269,TORAJA UTARA,30
69268,SULAWESI SELATAN,69442,KEPULAUAN SELAYAR,25
69268,SULAWESI SELATAN,69531,BULUKUMBA,40
69268,SULAWESI SELATAN,69668,BANTAENG,25
69268,SULAWESI SELATAN,69744,JENEPONTO,40
69268,SULAWESI SELATAN,69869,TAKALAR,30
69268,SULAWESI SELATAN,69962,GOWA,45
69268,SULAWESI SELATAN,70149,SINJAI,30
69268,SULAWESI SELATAN,70239,BONE,45
69268,SULAWESI SELATAN,70639,MAROS,35
69268,SULAWESI SELATAN,70757,PANGKAJENE DAN KEPULAUAN,35
69268,SULAWESI SELATAN,70873,BARRU,25
69268,SULAWESI SELATAN,70935,SOPPENG,30
69268,SULAWESI SELATAN,71014,WAJO,40
69268,SULAWESI SELATAN,71209,SIDENRENG RAPPANG,35
69268,SULAWESI SELATAN,71327,PINRANG,40
69268,SULAWESI SELATAN,71437,ENREKANG,30
69268,SULAWESI SELATAN,71579,LUWU,35
69268,SULAWESI SELATAN,71828,TANA TORAJA,30
69268,SULAWESI SELATAN,72007,LUWU UTARA,35
69268,SULAWESI SELATAN,72190,LUWU TIMUR,30
69268,SULAWESI SELATAN,72309,KOTA MAKASSAR,50
69268,SULAWESI SELATAN,72467,KOTA PARE PARE,25
69268,SULAWESI SELATAN,72493,KOTA PALOPO,25
72551,SULAWESI TENGGARA,72552,KOLAKA,30
72551,SULAWESI TENGGARA,72786,KONAWE,30
72551,SULAWESI TENGGARA,73150,MUNA,30
72551,SULAWESI TENGGARA,73420,BUTON,25
72551,SULAWESI TENGGARA,73650,KONAWE SELATAN,35
72551,SULAWESI TENGGARA,74018,BOMBANA,25
72551,SULAWESI TENGGARA,74179,WAKATOBI,25
72551,SULAWESI TENGGARA,74288,KOLAKA UTARA,25
72551,SULAWESI TENGGARA,74437,KONAWE UTARA,20
72551,SULAWESI TENGGARA,74525,BUTON UTARA,20
72551,SULAWESI TENGGARA,74590,KOTA KENDARI,35
72551,SULAWESI TENGGARA,74665,KOTA BAU BAU,25
72551,SULAWESI TENGGARA,928076,KOLAKA TIMUR,25
72551,SULAWESI TENGGARA,928077,KONAWE KEPULAUAN,20
72551,SULAWESI TENGGARA,928082,MUNA BARAT,20
72551,SULAWESI TENGGARA,928083,BUTON TENGAH,25
72551,SULAWESI TENGGARA,928084,BUTON SELATAN,20
74716,GORONTALO,74717,GORONTALO,35
74716,GORONTALO,74941,BOALEMO,25
74716,GORONTALO,75031,BONE BOLANGO,25
74716,GORONTALO,75183,PAHUWATO,25
74716,GORONTALO,75301,GORONTALO UTARA,25
74716,GORONTALO,75365,KOTA GORONTALO,25
75425,SULAWESI BARAT,75426,MAMUJU UTARA,30
75425,SULAWESI BARAT,75502,MAMUJU,30
75425,SULAWESI BARAT,75670,MAMASA,30
75425,SULAWESI BARAT,75863,POLEWALI MANDAR,45
75425,SULAWESI BARAT,76047,MAJENE,25
75425,SULAWESI BARAT,928078,MAMUJU TENGAH,25
76096,MALUKU,76097,MALUKU BARAT DAYA,20
76096,MALUKU,76223,BURU SELATAN,20
76096,MALUKU,76284,MALUKU TENGAH,40
76096,MALUKU,76470,MALUKU TENGGARA,25
76096,MALUKU,76568,MALUKU TENGGARA BARAT,25
76096,MALUKU,76651,BURU,25
76096,MALUKU,76708,SERAM BAGIAN TIMUR,25
76096,MALUKU,76771,SERAM BAGIAN BARAT,30
76096,MALUKU,76868,KEPULAUAN ARU,25
76096,MALUKU,76995,KOTA AMBON,35
76096,MALUKU,77051,KOTA TUAL,20
77085,MALUKU UTARA,77086,PULAU MOROTAI,20
77085,MALUKU UTARA,77155,HALMAHERA BARAT,25
77085,MALUKU UTARA,77311,HALMAHERA TENGAH,20
77085,MALUKU UTARA,77364,HALMAHERA UTARA,25
77085,MALUKU UTARA,77578,HALMAHERA SELATAN,30
77085,MALUKU UTARA,77858,KEPULAUAN SULA,25
77085,MALUKU UTARA,77956,HALMAHERA TIMUR,20
77085,MALUKU UTARA,78040,KOTA TERNATE,30
77085,MALUKU UTARA,78122,KOTA TIDORE KEPULAUAN,25
77085,MALUKU UTARA,928079,PULAU TALIABU,20
78203,PAPUA,78204,INTAN JAYA,25
78203,PAPUA,78289,DEIYAI,20
78203,PAPUA,78324,TOLIKARA,30
78203,PAPUA,78862,WAROPEN,20
78203,PAPUA,78927,BOVEN DIGOEL,20
78203,PAPUA,79019,MAPPI,25
78203,PAPUA,79163,ASMAT,25
78203,PAPUA,79310,SUPIORI,20
78203,PAPUA,79354,MAMBERAMO RAYA,20
78203,PAPUA,79421,KOTA JAYAPURA,40
78203,PAPUA,79466,MAMBERAMO TENGAH,20
78203,PAPUA,79531,YALIMO,25
78203,PAPUA,79564,LANNY JAYA,25
78203,PAPUA,79629,NDUGA,25
78203,PAPUA,79663,PUNCAK,25
78203,PAPUA,79752,DOGIYAI,25
78203,PAPUA,79826,MERAUKE,30
78203,PAPUA,80015,JAYAWIJAYA,30
78203,PAPUA,80144,JAYAPURA,25
78203,PAPUA,80309,NABIRE,25
78203,PAPUA,80402,KEPULAUAN YAPEN,25
78203,PAPUA,80526,BIAK NUMFOR,25
78203,PAPUA,80724,PUNCAK JAYA,30
78203,PAPUA,80851,PANIAI,25
78203,PAPUA,81007,MIMIKA,35
78203,PAPUA,81104,SARMI,20
78203,PAPUA,81192,KEEROM,20
78203,PAPUA,81261,PEGUNUNGAN BINTANG,25
78203,PAPUA,81357,YAHUKIMO,35
81877,PAPUA BARAT,81878,MAYBRAT,20
81877,PAPUA BARAT,81992,TAMBRAUW,20
81877,PAPUA BARAT,82022,SORONG,25
81877,PAPUA BARAT,82154,MANOKWARI,25
81877,PAPUA BARAT,82605,FAKFAK,20
81877,PAPUA BARAT,82724,SORONG SELATAN,20
81877,PAPUA BARAT,82850,RAJA AMPAT,20
81877,PAPUA BARAT,82965,TELUK BINTUNI,20
81877,PAPUA BARAT,83107,TELUK WONDAMA,20
81877,PAPUA BARAT,83194,KAIMANA,20
81877,PAPUA BARAT,83289,KOTA SORONG,30
81877,PAPUA BARAT,928080,MANOKWARI SELATAN,20
81877,PAPUA BARAT,928081,PEGUNUNGAN ARFAK,20
928068,KALIMANTAN UTARA,64617,BULUNGAN,25
928068,KALIMANTAN UTARA,64709,NUNUKAN,25
928068,KALIMANTAN UTARA,64949,MALINAU,20
928068,KALIMANTAN UTARA,65631,KOTA TARAKAN,30
928068,KALIMANTAN UTARA,65675,TANA TIDUNG,20
